제목,URL,썸네일,태그,게시일,추가일
📢 오피셜(?) 김택연 6.5등신 [두런두런 EP.15],https://www.youtube.com/watch?v=X5CL92Imsc4,https://img.youtube.com/vi/X5CL92Imsc4/maxresdefault.jpg,두런두런,2026년 8월 8일,2026년 8월 9일 오후 6:01
약속의 8회 짜릿한 동점! 그리고 철벽 호수비까지! [두런두런 EP.14],https://www.youtube.com/watch?v=mJmYiMNhl1c,https://img.youtube.com/vi/mJmYiMNhl1c/maxresdefault.jpg,두런두런,2026년 8월 7일,2026년 8월 9일 오후 6:01
썸네일 팔은 누구 팔일까요〰️⁉️  [두런두런 EP.13],https://www.youtube.com/watch?v=SBjtAOuqy3c,https://img.youtube.com/vi/SBjtAOuqy3c/maxresdefault.jpg,두런두런,2026년 8월 6일,2026년 8월 6일 오후 9:12
덥고☀️ 습해도💦 사랑이 넘치는 두산베어스💕 [두런두런 EP.12],https://www.youtube.com/watch?v=FD7TrN8oAkA,https://img.youtube.com/vi/FD7TrN8oAkA/maxresdefault.jpg,두런두런,2026년 8월 5일,2026년 8월 6일 오전 10:25
벤자민처럼 순조롭게 후반기 출발! 🐻 [두런두런 EP.11],https://www.youtube.com/watch?v=7OH7xtj2p6M,https://img.youtube.com/vi/7OH7xtj2p6M/maxresdefault.jpg,두런두런,2026년 8월 4일,2026년 8월 6일 오전 10:25
[애프터게임] #김정우 #김대한 #박찬호 #조수행 #김민석 (08.02),https://www.youtube.com/watch?v=m-6iSgxV1vc,https://img.youtube.com/vi/m-6iSgxV1vc/maxresdefault.jpg,애프터게임,2026년 8월 3일,2026년 8월 6일 오전 10:25
올라가자 더 높은 곳으로🔥 [잠실직캠] (08.02),https://www.youtube.com/watch?v=ASHLrwoPyfQ,https://img.youtube.com/vi/ASHLrwoPyfQ/maxresdefault.jpg,잠실직캠,2026년 8월 3일,2026년 8월 6일 오전 10:25
#댓글이벤트 💪몬스터에너지와 함께한 택연의 하루🔥 [베어스티비],https://www.youtube.com/watch?v=L6jL0Uk0uu4,https://img.youtube.com/vi/L6jL0Uk0uu4/maxresdefault.jpg,베어스티비,2026년 8월 3일,2026년 8월 6일 오전 10:25
마치 만화같은 피치국🍑의 단단한 야구 일1️⃣대기 박치국의 #위두미 💬,https://www.youtube.com/watch?v=zx39A71MONw,https://img.youtube.com/vi/zx39A71MONw/maxresdefault.jpg,위두미,2026년 8월 3일,2026년 8월 6일 오전 10:25
8월 2일(일) LG vs 두산 | 2026 정규시즌 H/L,https://www.youtube.com/watch?v=KnddpRKgbBk,https://img.youtube.com/vi/KnddpRKgbBk/maxresdefault.jpg,하이라이트,2026년 8월 2일,2026년 8월 6일 오전 10:25
가장 먼저 선택받은 이유를 증명한 영크크 베어스 ⭐️ [잠실직캠] (07.30),https://www.youtube.com/watch?v=0IyYYrXq4E8,https://img.youtube.com/vi/0IyYYrXq4E8/maxresdefault.jpg,잠실직캠,2026년 7월 31일,2026년 8월 6일 오전 10:25
7월 31일(금) LG vs 두산 | 2026 정규시즌 H/L,https://www.youtube.com/watch?v=PQJm35Y1BJg,https://img.youtube.com/vi/PQJm35Y1BJg/maxresdefault.jpg,하이라이트,2026년 7월 31일,2026년 8월 6일 오전 10:25
[애프터게임] #잭로그 #박준순 #김대한 (07.31),https://www.youtube.com/watch?v=HELgZ0c_BP8,https://img.youtube.com/vi/HELgZ0c_BP8/maxresdefault.jpg,애프터게임,2026년 7월 31일,2026년 8월 6일 오전 10:25
그의 야구는 지금부터 시작이다 [잠실직캠] (07.31),https://www.youtube.com/watch?v=hf3rxzvwL-o,https://img.youtube.com/vi/hf3rxzvwL-o/maxresdefault.jpg,잠실직캠,2026년 7월 31일,2026년 8월 6일 오전 10:25
7월 30일(목) 두산 vs SSG | 2026 정규시즌 H/L,https://www.youtube.com/watch?v=V9pNjQy-nec,https://img.youtube.com/vi/V9pNjQy-nec/maxresdefault.jpg,하이라이트,2026년 7월 30일,2026년 8월 6일 오전 10:25
[애프터게임] #김대한 #조수행 #박지훈 #안재석 #박준순 #김택연 #김민석 (07.30),https://www.youtube.com/watch?v=9e3KnUIQTL0,https://img.youtube.com/vi/9e3KnUIQTL0/maxresdefault.jpg,애프터게임,2026년 7월 30일,2026년 8월 6일 오전 10:25
2026 Dooplash Teaser [베어스티비],https://www.youtube.com/watch?v=eLCzxIcqxUE,https://img.youtube.com/vi/eLCzxIcqxUE/maxresdefault.jpg,베어스티비,2026년 7월 29일,2026년 8월 6일 오전 10:25
7월 28일(화) 두산 vs SSG | 2026 정규시즌 H/L,https://www.youtube.com/watch?v=bziEZaEbcWo,https://img.youtube.com/vi/bziEZaEbcWo/maxresdefault.jpg,하이라이트,2026년 7월 28일,2026년 8월 6일 오전 10:25
[애프터게임] #김대한 #안재석 #세베리노 #이영하 #박준순 (07.28),https://www.youtube.com/watch?v=1UrPg1HRgtc,https://img.youtube.com/vi/1UrPg1HRgtc/maxresdefault.jpg,애프터게임,2026년 7월 28일,2026년 8월 6일 오전 10:25
우리는 더 높은 곳을 향해 🔝 [잠실직캠] (07.28),https://www.youtube.com/watch?v=rt2KPflWjhU,https://img.youtube.com/vi/rt2KPflWjhU/maxresdefault.jpg,잠실직캠,2026년 7월 28일,2026년 8월 6일 오전 10:25
잠실야구장을 더! 시원하게 만들어 줄 '두플래쉬 시리즈' 등장곡을 골라보아요 🫧 [베어스티비],https://www.youtube.com/watch?v=hv2NnkvPwRs,https://img.youtube.com/vi/hv2NnkvPwRs/maxresdefault.jpg,베어스티비,2026년 7월 27일,2026년 8월 6일 오전 10:25
듣기만 해도 시원해지는 2026 두플래쉬 시리즈 #등장곡 𝑃𝑙𝑎𝑦𝑙𝑖𝑠𝑡 ⛱️ [베어스티비],https://www.youtube.com/watch?v=ffZHZvGmELY,https://img.youtube.com/vi/ffZHZvGmELY/maxresdefault.jpg,베어스티비,2026년 7월 27일,2026년 8월 6일 오전 10:25
7월 26일(일) 삼성 vs 두산 | 2026 정규시즌 H/L,https://www.youtube.com/watch?v=dkPI_YwKVo8,https://img.youtube.com/vi/dkPI_YwKVo8/maxresdefault.jpg,하이라이트,2026년 7월 26일,2026년 8월 6일 오전 10:25
[애프터게임] #곽빈 #김민석 #안재석 #김택연 #때때와아부지 (07.26),https://www.youtube.com/watch?v=HEQQu8wupmA,https://img.youtube.com/vi/HEQQu8wupmA/maxresdefault.jpg,애프터게임,2026년 7월 26일,2026년 8월 6일 오전 10:25
에이스의 품격을 보여준 곽빈의 113구 혼신투 [잠실직캠] (07.26),https://www.youtube.com/watch?v=UMPQSDF8yYY,https://img.youtube.com/vi/UMPQSDF8yYY/maxresdefault.jpg,잠실직캠,2026년 7월 26일,2026년 8월 6일 오전 10:25
박지훈 미담 풉니다 [베어스티비],https://www.youtube.com/watch?v=idDfXP_h0Gw,https://img.youtube.com/vi/idDfXP_h0Gw/maxresdefault.jpg,베어스티비,2026년 7월 22일,2026년 8월 6일 오전 10:25
‘주말동안 총 22득점’ 이틀 연속 폭발한 타격베어스 💥 [잠실직캠] (07.19),https://www.youtube.com/watch?v=fwVsUibePfk,https://img.youtube.com/vi/fwVsUibePfk/maxresdefault.jpg,잠실직캠,2026년 7월 20일,2026년 8월 6일 오전 10:25
전반기~끝나고 뭐가 돌아왔~게🐻 전반기 하드털이 [두런두런 EP.10],https://www.youtube.com/watch?v=Es_9hYYSVH8,https://img.youtube.com/vi/Es_9hYYSVH8/maxresdefault.jpg,두런두런,2026년 7월 20일,2026년 8월 6일 오전 10:25
7월 19일(일) 두산 vs NC | 2026 정규시즌 H/L,https://www.youtube.com/watch?v=42uPSqTwESI,https://img.youtube.com/vi/42uPSqTwESI/maxresdefault.jpg,하이라이트,2026년 7월 19일,2026년 8월 6일 오전 10:25
[애프터게임] #윤준호 #김민석 #박준순 #정수빈 #강승호 #조수행 #김정우 #이병헌 #최승용 (07.19),https://www.youtube.com/watch?v=IuK509R7QbM,https://img.youtube.com/vi/IuK509R7QbM/maxresdefault.jpg,애프터게임,2026년 7월 19일,2026년 8월 6일 오전 10:25
7월 18일(토) 두산 vs NC | 2026 정규시즌 H/L,https://www.youtube.com/watch?v=fqxEdCwOZS4,https://img.youtube.com/vi/fqxEdCwOZS4/maxresdefault.jpg,하이라이트,2026년 7월 18일,2026년 8월 6일 오전 10:25
[애프터게임] #타카다 #조수행 #박준순 #안재석 외 지나가는 다수 (07.18),https://www.youtube.com/watch?v=2FPouRYy8-g,https://img.youtube.com/vi/2FPouRYy8-g/maxresdefault.jpg,애프터게임,2026년 7월 18일,2026년 8월 6일 오전 10:25
베어스의 마지막 야수 1차 #안재석  [잠실직캠] (07.18),https://www.youtube.com/watch?v=mqQSO3jACU4,https://img.youtube.com/vi/mqQSO3jACU4/maxresdefault.jpg,잠실직캠,2026년 7월 18일,2026년 8월 6일 오전 10:25
행복을 드리는 베어스 주니어 귀염탱탱탱🍋 [2026 올스타전],https://www.youtube.com/watch?v=AdCw7EFYpbk,https://img.youtube.com/vi/AdCw7EFYpbk/maxresdefault.jpg,기타,2026년 7월 17일,2026년 8월 6일 오전 10:25
7월 17일(금) 두산 vs NC | 2026 정규시즌 H/L,https://www.youtube.com/watch?v=Mp1479loX-c,https://img.youtube.com/vi/Mp1479loX-c/maxresdefault.jpg,하이라이트,2026년 7월 17일,2026년 8월 6일 오전 10:25
[애프터게임] #안재석 #박찬호 #최민석 #김정우 #조수행 #김택연 #박준순 (07.17),https://www.youtube.com/watch?v=EHCxF_y0vZU,https://img.youtube.com/vi/EHCxF_y0vZU/maxresdefault.jpg,애프터게임,2026년 7월 17일,2026년 8월 6일 오전 10:25
연장 혈투 끝 짜릿한 후반기 첫 승🔥 [잠실직캠] (07.17),https://www.youtube.com/watch?v=oOveC4-jjzQ,https://img.youtube.com/vi/oOveC4-jjzQ/maxresdefault.jpg,잠실직캠,2026년 7월 17일,2026년 8월 6일 오전 10:25
아직 한 발 남았다🔫💦 #올스타_하드털이  [2026 올스타전],https://www.youtube.com/watch?v=oHqneAihGAg,https://img.youtube.com/vi/oHqneAihGAg/maxresdefault.jpg,기타,2026년 7월 15일,2026년 8월 6일 오전 10:25
"""우승하면 어떡해요?!"" 말이 아니라 말대꾸가 늘었다는 순이와 프라이데이 출근하기 🚘 [2026 올스타전]",https://www.youtube.com/watch?v=0U2hU2q9DZ8,https://img.youtube.com/vi/0U2hU2q9DZ8/maxresdefault.jpg,기타,2026년 7월 14일,2026년 8월 6일 오전 10:25
솔직히 베스트 퍼포먼스 상 노렸습니다 그 분이 나타나기 전까지는요.. 🐕🐾 [2026 KBO 올스타전],https://www.youtube.com/watch?v=_RSIhX20V7E,https://img.youtube.com/vi/_RSIhX20V7E/maxresdefault.jpg,기타,2026년 7월 12일,2026년 8월 6일 오전 10:25
이게 몇 년 만이야.. 저희도 드디어 홈런 더비 참여했습니다!!! 🥹 [2026 KBO 올스타전],https://www.youtube.com/watch?v=rUyclzqUjeI,https://img.youtube.com/vi/rUyclzqUjeI/maxresdefault.jpg,기타,2026년 7월 11일,2026년 8월 6일 오전 10:25
쌥쌥이들 사이 두 거구(?)의 우당탕탕 썸머레이스💦 [2026 KBO 올스타전],https://www.youtube.com/watch?v=CzromkNIJjg,https://img.youtube.com/vi/CzromkNIJjg/maxresdefault.jpg,기타,2026년 7월 11일,2026년 8월 6일 오전 10:25
💫추억은 영원할 마지막 잠실 퓨처스 올스타 (feat. 특별 시구·시포) [2026 KBO 올스타전],https://www.youtube.com/watch?v=a-mBomxCTHo,https://img.youtube.com/vi/a-mBomxCTHo/maxresdefault.jpg,기타,2026년 7월 10일,2026년 8월 6일 오전 10:25
아 위닝... 위닝 했는데 두런두런 안 보나? 두런두런 보면 진짜 재밌는데... [두런두런 EP.9],https://www.youtube.com/watch?v=DbU2Pfh1TS0,https://img.youtube.com/vi/DbU2Pfh1TS0/maxresdefault.jpg,두런두런,2026년 7월 9일,2026년 8월 6일 오전 10:25
7월 9일(목) SSG vs 두산 | 2026 정규시즌 H/L,https://www.youtube.com/watch?v=uytnoeq6Rls,https://img.youtube.com/vi/uytnoeq6Rls/maxresdefault.jpg,하이라이트,2026년 7월 9일,2026년 8월 6일 오전 10:25
[애프터게임] #안재석 #강승호 #잭로그 #양의지 (07.09),https://www.youtube.com/watch?v=NaYVziVAqMo,https://img.youtube.com/vi/NaYVziVAqMo/maxresdefault.jpg,애프터게임,2026년 7월 9일,2026년 8월 6일 오전 10:25
다음주에만나요😊 [잠실직캠] (07.09),https://www.youtube.com/watch?v=k1GwChwNcss,https://img.youtube.com/vi/k1GwChwNcss/maxresdefault.jpg,잠실직캠,2026년 7월 9일,2026년 8월 6일 오전 10:25
7월 8일(수) SSG vs 두산 | 2026 정규시즌 H/L,https://www.youtube.com/watch?v=v89yaLlTBvk,https://img.youtube.com/vi/v89yaLlTBvk/maxresdefault.jpg,하이라이트,2026년 7월 8일,2026년 8월 6일 오전 10:25
[애프터게임] #곽빈 #윤준호 #박준순 외 (07.08),https://www.youtube.com/watch?v=Tlo2f00plgg,https://img.youtube.com/vi/Tlo2f00plgg/maxresdefault.jpg,애프터게임,2026년 7월 8일,2026년 8월 6일 오전 10:25
나는 탈삼진 1위 보면 우는 곰.. 으르렁 으르렁 으르렁 대.. [잠실직캠] (07.08),https://www.youtube.com/watch?v=OXdnW7En60w,https://img.youtube.com/vi/OXdnW7En60w/maxresdefault.jpg,잠실직캠,2026년 7월 8일,2026년 8월 6일 오전 10:25
자려고 누웠는데 갑자기 우리 시구한 추억들 자꾸만 아른아른거리잖아 👀 | 2026 시구 비하인드,https://www.youtube.com/watch?v=saH7u9Zk-4o,https://img.youtube.com/vi/saH7u9Zk-4o/maxresdefault.jpg,기타,2026년 7월 6일,2026년 8월 6일 오전 10:25
우리 조는 A+❤️ 상대 조는 내가 짠다💢 | 두산베어스 조별 과제 조 짜기 [베어스티비],https://www.youtube.com/watch?v=xgy-sBAe4GI,https://img.youtube.com/vi/xgy-sBAe4GI/maxresdefault.jpg,베어스티비,2026년 7월 6일,2026년 8월 6일 오전 10:25
7월 5일(일) 두산 vs 키움 | 2026 정규시즌 H/L,https://www.youtube.com/watch?v=JJACLuUAXHg,https://img.youtube.com/vi/JJACLuUAXHg/maxresdefault.jpg,하이라이트,2026년 7월 5일,2026년 8월 6일 오전 10:25
[애프터게임] #손아섭 #김민석 #박찬호 #강승호 #최민석 (07.05),https://www.youtube.com/watch?v=QfVIX7KLODA,https://img.youtube.com/vi/QfVIX7KLODA/maxresdefault.jpg,애프터게임,2026년 7월 5일,2026년 8월 6일 오전 10:25
감독님 생일 선물로 뭘 준비했게? 그건 바로 '승리' 🥳 [잠실직캠] (07.05),https://www.youtube.com/watch?v=HW6R19y9iPY,https://img.youtube.com/vi/HW6R19y9iPY/maxresdefault.jpg,잠실직캠,2026년 7월 5일,2026년 8월 6일 오전 10:25
7월 4일(토) 두산 vs 키움 | 2026 정규시즌 H/L,https://www.youtube.com/watch?v=yOXbrdUmabY,https://img.youtube.com/vi/yOXbrdUmabY/maxresdefault.jpg,하이라이트,2026년 7월 4일,2026년 8월 6일 오전 10:25
[애프터게임] #손아섭 #최승용 #박준순 (07.04),https://www.youtube.com/watch?v=XUhsAtkRRLM,https://img.youtube.com/vi/XUhsAtkRRLM/maxresdefault.jpg,애프터게임,2026년 7월 4일,2026년 8월 6일 오전 10:25
소고기 맛집 추천받습니다✨ [잠실직캠] (07.04),https://www.youtube.com/watch?v=4ue6n0t7a-Y,https://img.youtube.com/vi/4ue6n0t7a-Y/maxresdefault.jpg,잠실직캠,2026년 7월 4일,2026년 8월 6일 오전 10:25
7월 2일(목) 롯데 vs 두산 | 2026 정규시즌 H/L,https://www.youtube.com/watch?v=R5Dfz3E85qw,https://img.youtube.com/vi/R5Dfz3E85qw/maxresdefault.jpg,하이라이트,2026년 7월 2일,2026년 8월 6일 오전 10:25
[애프터게임] #곽빈 #윤준호 #강승호 #김민석 #류승민 (07.02),https://www.youtube.com/watch?v=fTV6KjkLu4Q,https://img.youtube.com/vi/fTV6KjkLu4Q/maxresdefault.jpg,애프터게임,2026년 7월 2일,2026년 8월 6일 오전 10:25
강승호 홈런! 강승호 홈런! 최강두산 캉승호옹~♬ [잠실직캠] (07.02),https://www.youtube.com/watch?v=IIi7m-2-VFM,https://img.youtube.com/vi/IIi7m-2-VFM/maxresdefault.jpg,잠실직캠,2026년 7월 2일,2026년 8월 6일 오전 10:25
올스타 명단 발표도 났는데 리액션이나 해야겠다...✌🏻🎤 [두런두런 ep.8],https://www.youtube.com/watch?v=gHyJccVAPOg,https://img.youtube.com/vi/gHyJccVAPOg/maxresdefault.jpg,두런두런,2026년 6월 30일,2026년 8월 6일 오전 10:26
6월 30일(화) 롯데 vs 두산 | 2026 정규시즌 H/L,https://www.youtube.com/watch?v=3CKPFFVeSs8,https://img.youtube.com/vi/3CKPFFVeSs8/maxresdefault.jpg,하이라이트,2026년 6월 30일,2026년 8월 6일 오전 10:25
6월의 마지막을 장식한 大찬호의 날 [잠실직캠] (06.30),https://www.youtube.com/watch?v=wuzvbMRy0sM,https://img.youtube.com/vi/wuzvbMRy0sM/maxresdefault.jpg,잠실직캠,2026년 6월 30일,2026년 8월 6일 오전 10:25
[애프터게임] #김민석 #최민석 #박찬호 #김택연 (06.30),https://www.youtube.com/watch?v=HSJ8HfFQ4Qo,https://img.youtube.com/vi/HSJ8HfFQ4Qo/maxresdefault.jpg,애프터게임,2026년 6월 30일,2026년 8월 6일 오전 10:25
"저희는 영상에 정성을 가득 담고 있지만, 23분 기다릴 정도의 대단한 재미도 맞습니다😁 [두런두런 EP.7]",https://www.youtube.com/watch?v=X4-C7mQoD9o,https://img.youtube.com/vi/X4-C7mQoD9o/maxresdefault.jpg,두런두런,2026년 6월 29일,2026년 8월 6일 오전 10:26
잠실야구장 Green Scoreboard Campaign,https://www.youtube.com/watch?v=jV24HETsXJI,https://img.youtube.com/vi/jV24HETsXJI/maxresdefault.jpg,기타,2026년 6월 27일,2026년 8월 6일 오전 10:26
6월 27일(토) KIA vs 두산 | 2026 정규시즌 H/L,https://www.youtube.com/watch?v=zr5WV_NVnto,https://img.youtube.com/vi/zr5WV_NVnto/maxresdefault.jpg,하이라이트,2026년 6월 27일,2026년 8월 6일 오전 10:26
[애프터게임] #잭로그 #안재석 #조수행 외 다수 (06.27),https://www.youtube.com/watch?v=PGcO4GI1MOI,https://img.youtube.com/vi/PGcO4GI1MOI/maxresdefault.jpg,애프터게임,2026년 6월 27일,2026년 8월 6일 오전 10:26
에이스 잭로그 호투에 응답하는 7득점 빅이닝과 함께 위닝 시리즈 확보 🕶️ [잠실직캠] (06.27),https://www.youtube.com/watch?v=ktwILdaC8Qs,https://img.youtube.com/vi/ktwILdaC8Qs/maxresdefault.jpg,잠실직캠,2026년 6월 27일,2026년 8월 6일 오전 10:26
6월 26일(금) KIA vs 두산 | 2026 정규시즌 H/L,https://www.youtube.com/watch?v=eTU_HcHNIbU,https://img.youtube.com/vi/eTU_HcHNIbU/maxresdefault.jpg,하이라이트,2026년 6월 26일,2026년 8월 6일 오전 10:26
[애프터게임] #류승민 #김민석 #곽빈 (06.26),https://www.youtube.com/watch?v=lCflYUlwKIA,https://img.youtube.com/vi/lCflYUlwKIA/maxresdefault.jpg,애프터게임,2026년 6월 26일,2026년 8월 6일 오전 10:26
어느날 하늘에서 천사.. 아니 류석순이 내려왔습니다🪽 [잠실직캠] (06.26),https://www.youtube.com/watch?v=TPH4AHg_fKQ,https://img.youtube.com/vi/TPH4AHg_fKQ/maxresdefault.jpg,잠실직캠,2026년 6월 26일,2026년 8월 6일 오전 10:26
안타 쳤어요! 많이 쳤어요! 석순이들의 홈런과 함께 19안타 대폭발 🔥 [잠실직캠] (06.24),https://www.youtube.com/watch?v=Va8-ggdZQhI,https://img.youtube.com/vi/Va8-ggdZQhI/maxresdefault.jpg,잠실직캠,2026년 6월 25일,2026년 8월 6일 오전 10:26
6월 25일(목) 두산 vs 한화 | 2026 정규시즌 H/L,https://www.youtube.com/watch?v=3eOnhvoOITY,https://img.youtube.com/vi/3eOnhvoOITY/maxresdefault.jpg,하이라이트,2026년 6월 25일,2026년 8월 6일 오전 10:26
[애프터게임] #김민석 #김택연 #박준순 #윤준호 #이영하 #정수빈 (06.25),https://www.youtube.com/watch?v=fke_gZCfrp4,https://img.youtube.com/vi/fke_gZCfrp4/maxresdefault.jpg,애프터게임,2026년 6월 25일,2026년 8월 6일 오전 10:26
족발 중짜 말고 대짜 그리고 승리 주세요🤲🍽️ [잠실직캠] (06.25),https://www.youtube.com/watch?v=a9ZEAoKeCjk,https://img.youtube.com/vi/a9ZEAoKeCjk/maxresdefault.jpg,잠실직캠,2026년 6월 25일,2026년 8월 6일 오전 10:26
안녕하세요두산베어스입니다올스타잘부탁드립니다 🙇 올스타전 홍보 영상 비하인드 [베어스티비],https://www.youtube.com/watch?v=ku7yaoJHgTc,https://img.youtube.com/vi/ku7yaoJHgTc/maxresdefault.jpg,베어스티비,2026년 6월 24일,2026년 8월 6일 오전 10:26
6월 24일(수) 두산 vs 한화 | 2026 정규시즌 H/L,https://www.youtube.com/watch?v=NreuHo7lxvw,https://img.youtube.com/vi/NreuHo7lxvw/maxresdefault.jpg,하이라이트,2026년 6월 24일,2026년 8월 6일 오전 10:26
[애프터게임] #정수빈 #오명진 #박준순 #류승민 #안재석 #윤준호 #최민석 #양의지 (06.24),https://www.youtube.com/watch?v=sYo-OdcSXE0,https://img.youtube.com/vi/sYo-OdcSXE0/maxresdefault.jpg,애프터게임,2026년 6월 24일,2026년 8월 6일 오전 10:26
'당신이 있어 오늘도 든든합니다' #소방가족의날 with 두산베어스🧯 [베어스티비],https://www.youtube.com/watch?v=7gq8VnAa0Wk,https://img.youtube.com/vi/7gq8VnAa0Wk/maxresdefault.jpg,베어스티비,2026년 6월 22일,2026년 8월 6일 오전 10:26
6월 18일(목) KT vs 두산 | 2026 정규시즌 H/L,https://www.youtube.com/watch?v=4mazgpyI7VQ,https://img.youtube.com/vi/4mazgpyI7VQ/maxresdefault.jpg,하이라이트,2026년 6월 18일,2026년 8월 6일 오전 10:26
[애프터게임] #김택연 #박찬호 #정수빈 (06.18),https://www.youtube.com/watch?v=z8bofaOBmzQ,https://img.youtube.com/vi/z8bofaOBmzQ/maxresdefault.jpg,애프터게임,2026년 6월 18일,2026년 8월 6일 오전 10:26
"투혼으로 만든 승리, 우리 팀이얌✨ [잠실직캠] (06.18)",https://www.youtube.com/watch?v=sbI21c13QSw,https://img.youtube.com/vi/sbI21c13QSw/maxresdefault.jpg,잠실직캠,2026년 6월 18일,2026년 8월 6일 오전 10:26
⚠️경고⚠️ 야구선수의 승부욕을 자극하지 마십시오 (ft. NC 다이노스) [2026 곰지락],https://www.youtube.com/watch?v=BxJg-dEPtyw,https://img.youtube.com/vi/BxJg-dEPtyw/maxresdefault.jpg,곰지락,2026년 6월 15일,2026년 8월 6일 오전 10:26
??: 이제는 뽑아달라고도 안 하고 춤만 추네 🐻🕺 올스타전 홍보 영상 비하인드 [베어스티비],https://www.youtube.com/watch?v=ZjtYnb0F094,https://img.youtube.com/vi/ZjtYnb0F094/maxresdefault.jpg,베어스티비,2026년 6월 14일,2026년 8월 6일 오전 10:26
6월 14일(일) 두산 vs KIA | 2026 정규시즌 H/L,https://www.youtube.com/watch?v=MJByGjRChAA,https://img.youtube.com/vi/MJByGjRChAA/maxresdefault.jpg,하이라이트,2026년 6월 14일,2026년 8월 6일 오전 10:26
[애프터게임] #곽빈 #박찬호 #조수행 외 다수 (06.14),https://www.youtube.com/watch?v=hIoV_r2asJM,https://img.youtube.com/vi/hIoV_r2asJM/maxresdefault.jpg,애프터게임,2026년 6월 14일,2026년 8월 6일 오전 10:26
🔥🐻5연속 위닝도 했는데 올스타 투표 해야겠지?! (제발요🥹) [잠실직캠] (06.14),https://www.youtube.com/watch?v=NR0BsIS5JW8,https://img.youtube.com/vi/NR0BsIS5JW8/maxresdefault.jpg,잠실직캠,2026년 6월 14일,2026년 8월 6일 오전 10:26
6월 12일(금) 두산 vs KIA | 2026 정규시즌 H/L,https://www.youtube.com/watch?v=G7MZqY6Q3cU,https://img.youtube.com/vi/G7MZqY6Q3cU/maxresdefault.jpg,하이라이트,2026년 6월 12일,2026년 8월 6일 오전 10:26
[애프터게임] #박찬호 #이유찬 #오명진 #양의지 #최민석 (06.12),https://www.youtube.com/watch?v=_TACNyCLfZ0,https://img.youtube.com/vi/_TACNyCLfZ0/maxresdefault.jpg,애프터게임,2026년 6월 12일,2026년 8월 6일 오전 10:26
나 06년생 최민석인데 국대 선발이다💨 [잠실직캠] (06.12),https://www.youtube.com/watch?v=QR825kN9mHc,https://img.youtube.com/vi/QR825kN9mHc/maxresdefault.jpg,잠실직캠,2026년 6월 12일,2026년 8월 6일 오전 10:26
승리와 함께 자려고 누웠는데 [두런두런 EP.6] 이지 ~ 😴,https://www.youtube.com/watch?v=rVOgSYjIMBk,https://img.youtube.com/vi/rVOgSYjIMBk/maxresdefault.jpg,두런두런,2026년 6월 11일,2026년 8월 6일 오전 10:26
6월 11일(목) 두산 vs 롯데 | 2026 정규시즌 H/L,https://www.youtube.com/watch?v=lgfaZEE3vY8,https://img.youtube.com/vi/lgfaZEE3vY8/maxresdefault.jpg,하이라이트,2026년 6월 11일,2026년 8월 6일 오전 10:26
[애프터게임] #김민석 #박치국 #양의지 (06.11),https://www.youtube.com/watch?v=4xrNvHgwDLQ,https://img.youtube.com/vi/4xrNvHgwDLQ/maxresdefault.jpg,애프터게임,2026년 6월 11일,2026년 8월 6일 오전 10:26
4연속 위닝 시리즈 한 네가 좋아♥ [잠실직캠] (06.11),https://www.youtube.com/watch?v=SUZMyDbV67k,https://img.youtube.com/vi/SUZMyDbV67k/maxresdefault.jpg,잠실직캠,2026년 6월 11일,2026년 8월 6일 오전 10:26
"여러분의 소중한 세 표, 누군가를 행복하게 할 수 있습니다🙏 올스타전 홍보 영상 비하인드 [베어스티비]",https://www.youtube.com/watch?v=X6UQ5hAAlHU,https://img.youtube.com/vi/X6UQ5hAAlHU/maxresdefault.jpg,베어스티비,2026년 6월 9일,2026년 8월 6일 오전 10:26
화제의 시구자✨젠슨 황 엔비디아 최고경영자 시구⚾️ | 2026 시구 비하인드,https://www.youtube.com/watch?v=_1WO8Ew6meo,https://img.youtube.com/vi/_1WO8Ew6meo/maxresdefault.jpg,기타,2026년 6월 9일,2026년 8월 6일 오전 10:26
6월 9일(화) 두산 vs 롯데 | 2026 정규시즌 H/L,https://www.youtube.com/watch?v=Z-_RMqnWA9o,https://img.youtube.com/vi/Z-_RMqnWA9o/maxresdefault.jpg,하이라이트,2026년 6월 9일,2026년 8월 6일 오전 10:26
[애프터게임] #조수행 #김민석 #곽빈 (06.09),https://www.youtube.com/watch?v=4AIPLoO_RoU,https://img.youtube.com/vi/4AIPLoO_RoU/maxresdefault.jpg,애프터게임,2026년 6월 9일,2026년 8월 6일 오전 10:26
1회부터 연속 투런포로 기썬을 제압해 😎 [잠실직캠] (06.09),https://www.youtube.com/watch?v=qSk77AkH86k,https://img.youtube.com/vi/qSk77AkH86k/maxresdefault.jpg,잠실직캠,2026년 6월 9일,2026년 8월 6일 오전 10:26
"[2026 이천일기] EP.2 그럼에도 불구하고, 야구를 사랑해서",https://www.youtube.com/watch?v=YHZE-oKGZHo,https://img.youtube.com/vi/YHZE-oKGZHo/maxresdefault.jpg,이천일기,2026년 6월 8일,2026년 8월 6일 오전 10:26
💗잠실야구장에 망곰이 넷 출몰 주의보💗 (ft.아빠 힘내세요💦) [베어스티비],https://www.youtube.com/watch?v=qrkBc2NBruY,https://img.youtube.com/vi/qrkBc2NBruY/maxresdefault.jpg,베어스티비,2026년 6월 8일,2026년 8월 6일 오전 10:26
🌺국가와 국민을 위해 희생한 영웅들을 잊지 않겠습니다🌺 2026 현충일 [베어스티비],https://www.youtube.com/watch?v=j6gUjb6lnsk,https://img.youtube.com/vi/j6gUjb6lnsk/maxresdefault.jpg,베어스티비,2026년 6월 7일,2026년 8월 6일 오전 10:26
6월 6일(토) 키움 vs 두산 | 2026 정규시즌 H/L,https://www.youtube.com/watch?v=3ob6ZYKT_EA,https://img.youtube.com/vi/3ob6ZYKT_EA/maxresdefault.jpg,하이라이트,2026년 6월 6일,2026년 8월 6일 오전 10:26
[애프터게임] #박찬호 #최민석 #안재석 #김동주 (06.06),https://www.youtube.com/watch?v=bZh-Xc9BR8M,https://img.youtube.com/vi/bZh-Xc9BR8M/maxresdefault.jpg,애프터게임,2026년 6월 6일,2026년 8월 6일 오전 10:26
승승승 그리고 불타는 타격으로 🔥승🔥 [잠실직캠] (06.06),https://www.youtube.com/watch?v=CAT_-fX4dmc,https://img.youtube.com/vi/CAT_-fX4dmc/maxresdefault.jpg,잠실직캠,2026년 6월 6일,2026년 8월 6일 오전 10:26
6월 5일(금) 키움 vs 두산 | 2026 정규시즌 H/L,https://www.youtube.com/watch?v=scNPxLWBxL0,https://img.youtube.com/vi/scNPxLWBxL0/maxresdefault.jpg,하이라이트,2026년 6월 5일,2026년 8월 6일 오전 10:26
[애프터게임] #최승용 #조수행 #카메론 #박찬호(?) (06.05),https://www.youtube.com/watch?v=Tk1xkFcHZCU,https://img.youtube.com/vi/Tk1xkFcHZCU/maxresdefault.jpg,애프터게임,2026년 6월 5일,2026년 8월 6일 오전 10:26
포르쉥 타자🚘 만두 투수🥟 [잠실직캠] (06.05),https://www.youtube.com/watch?v=S3GYntB3aw0,https://img.youtube.com/vi/S3GYntB3aw0/maxresdefault.jpg,잠실직캠,2026년 6월 5일,2026년 8월 6일 오전 10:26
⭐잠실 마지막 올스타전을 빛낼 두산베어스 12인의 별들⭐ [베어스티비],https://www.youtube.com/watch?v=J85_x0N2rJk,https://img.youtube.com/vi/J85_x0N2rJk/maxresdefault.jpg,베어스티비,2026년 6월 4일,2026년 8월 6일 오전 10:26
✨조회수 200만✨ 김민석의 올스타전 홍보 릴스 촬영 비하인드 [베어스티비],https://www.youtube.com/watch?v=cMc8SOocJj4,https://img.youtube.com/vi/cMc8SOocJj4/maxresdefault.jpg,베어스티비,2026년 6월 4일,2026년 8월 6일 오전 10:26
6월 4일(목) 한화 vs 두산 | 2026 정규시즌 H/L,https://www.youtube.com/watch?v=4Gz8jSQWU6A,https://img.youtube.com/vi/4Gz8jSQWU6A/maxresdefault.jpg,하이라이트,2026년 6월 4일,2026년 8월 6일 오전 10:26
[애프터게임] #박치국 #오명진 #이병헌 #최준호 #박찬호(?) (06.04),https://www.youtube.com/watch?v=C3x4QZLjvdc,https://img.youtube.com/vi/C3x4QZLjvdc/maxresdefault.jpg,애프터게임,2026년 6월 4일,2026년 8월 6일 오전 10:26
우천중단도 됐지만 승리나 해야지💓 승리 야호-! [잠실직캠] (06.04),https://www.youtube.com/watch?v=0R-EOmJ0Sfc,https://img.youtube.com/vi/0R-EOmJ0Sfc/maxresdefault.jpg,잠실직캠,2026년 6월 4일,2026년 8월 6일 오전 10:26
승리와 함께 왔단다🌹 #정이랑 #박유호 #정희수 시구자들🪽 | 2026 시구 비하인드,https://www.youtube.com/watch?v=lQeA82ABz5g,https://img.youtube.com/vi/lQeA82ABz5g/maxresdefault.jpg,기타,2026년 6월 3일,2026년 8월 6일 오전 10:26
6월 2일(화) 한화 vs 두산 | 2026 정규시즌 H/L,https://www.youtube.com/watch?v=AgJBqlcFevk,https://img.youtube.com/vi/AgJBqlcFevk/maxresdefault.jpg,하이라이트,2026년 6월 2일,2026년 8월 6일 오전 10:26
[애프터게임] #조수행 #정수빈 #벤자민 #이영하 #박찬호 (06.02),https://www.youtube.com/watch?v=z1Rk4qbA2wA,https://img.youtube.com/vi/z1Rk4qbA2wA/maxresdefault.jpg,애프터게임,2026년 6월 2일,2026년 8월 6일 오전 10:26
믿는다💭 안타치고 홈런치고 라라라라 쿵야라라라🎶  [잠실직캠] (06.02),https://www.youtube.com/watch?v=wVuRtel0VPA,https://img.youtube.com/vi/wVuRtel0VPA/maxresdefault.jpg,잠실직캠,2026년 6월 2일,2026년 8월 6일 오전 10:26
당신의 최애 유니폼에 투표하세요🗳️ [베어스티비],https://www.youtube.com/watch?v=ZTf8k8eRAFg,https://img.youtube.com/vi/ZTf8k8eRAFg/maxresdefault.jpg,베어스티비,2026년 6월 1일,2026년 8월 6일 오전 10:26
5월 30일(토) 두산 vs 삼성 | 2026 정규시즌 H/L,https://www.youtube.com/watch?v=whdAKogmf38,https://img.youtube.com/vi/whdAKogmf38/maxresdefault.jpg,하이라이트,2026년 5월 30일,2026년 8월 6일 오전 10:26
[애프터게임] #정수빈 #김정우 #윤준호 #임종성 #박지훈 (05.30),https://www.youtube.com/watch?v=dW1U2xj5XS8,https://img.youtube.com/vi/dW1U2xj5XS8/maxresdefault.jpg,애프터게임,2026년 5월 30일,2026년 8월 6일 오전 10:26
정오영 : 정수빈 오늘 영웅 🔥 [잠실직캠] (05.30),https://www.youtube.com/watch?v=GTk9dcFq9Kc,https://img.youtube.com/vi/GTk9dcFq9Kc/maxresdefault.jpg,잠실직캠,2026년 5월 30일,2026년 8월 6일 오전 10:26
5월 29일(금) 두산 vs 삼성 | 2026 정규시즌 H/L,https://www.youtube.com/watch?v=NRnmdXJq3ms,https://img.youtube.com/vi/NRnmdXJq3ms/maxresdefault.jpg,하이라이트,2026년 5월 29일,2026년 8월 6일 오전 10:26
[애프터게임] #박치국 #이영하 #정수빈 #카메론 #강승호 (05.29),https://www.youtube.com/watch?v=9_KheYgLjwo,https://img.youtube.com/vi/9_KheYgLjwo/maxresdefault.jpg,애프터게임,2026년 5월 29일,2026년 8월 6일 오전 10:26
‘9회’ 승리 확률 0.2% ➡️ 100% ✨ 하나둘셋! 따봉승호야 고마워! [잠실직캠] (05.29),https://www.youtube.com/watch?v=uHjECc8xXsM,https://img.youtube.com/vi/uHjECc8xXsM/maxresdefault.jpg,잠실직캠,2026년 5월 29일,2026년 8월 6일 오전 10:26
※아이오아이 본인등판※ 자려고 누웠는데 양의지😘 챌린지 비하인드 [베어스티비],https://www.youtube.com/watch?v=ZRhApFvILdM,https://img.youtube.com/vi/ZRhApFvILdM/maxresdefault.jpg,베어스티비,2026년 5월 28일,2026년 8월 6일 오전 10:26
5월 27일(수) KT vs 두산 | 2026 정규시즌 H/L,https://www.youtube.com/watch?v=rd8Az5LpJpc,https://img.youtube.com/vi/rd8Az5LpJpc/maxresdefault.jpg,하이라이트,2026년 5월 27일,2026년 8월 6일 오전 10:26
[애프터게임] #카메론 #벤자민 #윤준호 (05.27),https://www.youtube.com/watch?v=mxE_1kFT7Ik,https://img.youtube.com/vi/mxE_1kFT7Ik/maxresdefault.jpg,애프터게임,2026년 5월 27일,2026년 8월 6일 오전 10:26
비도 오고 그래서 벤자민 윤준호 생각이 났어☔️🎶 [잠실직캠] (05.27),https://www.youtube.com/watch?v=nZjmpVaA1x0,https://img.youtube.com/vi/nZjmpVaA1x0/maxresdefault.jpg,잠실직캠,2026년 5월 27일,2026년 8월 6일 오전 10:26
5월 21일(목) NC vs 두산 | 2026 정규시즌 H/L,https://www.youtube.com/watch?v=oN8ZzF_yJ1U,https://img.youtube.com/vi/oN8ZzF_yJ1U/maxresdefault.jpg,하이라이트,2026년 5월 21일,2026년 8월 6일 오전 10:26
[애프터게임] #손아섭 #박찬호 #벤자민 (05.21),https://www.youtube.com/watch?v=kWByB0qjCY0,https://img.youtube.com/vi/kWByB0qjCY0/maxresdefault.jpg,애프터게임,2026년 5월 21일,2026년 8월 6일 오전 10:26
맨날 이렇게 이길 야규단 없냐 야규단!!! 승리줘야쥬🥴 [잠실직캠] (05.21),https://www.youtube.com/watch?v=vcKbNFj8aZU,https://img.youtube.com/vi/vcKbNFj8aZU/maxresdefault.jpg,잠실직캠,2026년 5월 21일,2026년 8월 6일 오전 10:26
잠실에 등장한 승리 요정들 👼🏻 키스오브라이프 #벨 & 엔믹스 #지우 | 2026 시구 비하인드,https://www.youtube.com/watch?v=5Zf_1z4VB8Q,https://img.youtube.com/vi/5Zf_1z4VB8Q/maxresdefault.jpg,기타,2026년 5월 20일,2026년 8월 6일 오전 10:26
💳두산베어스 KB 국민카드와 함께하는 치국X병헌의 슬기로운 소비 생활💸,https://www.youtube.com/watch?v=QV80gBLv7mQ,https://img.youtube.com/vi/QV80gBLv7mQ/maxresdefault.jpg,기타,2026년 5월 20일,2026년 8월 6일 오전 10:26
5월 19일(화) NC vs 두산 | 2026 정규시즌 H/L,https://www.youtube.com/watch?v=-S-yrACpKBE,https://img.youtube.com/vi/-S-yrACpKBE/maxresdefault.jpg,하이라이트,2026년 5월 19일,2026년 8월 6일 오전 10:27
[애프터게임] #오명진 #최민석 #박찬호 (05.19),https://www.youtube.com/watch?v=AEU88fJlBxw,https://img.youtube.com/vi/AEU88fJlBxw/maxresdefault.jpg,애프터게임,2026년 5월 19일,2026년 8월 6일 오전 10:27
나고야 갈 사람 소리 질러!!! 꼬꼬꼭옥꼬!!!!!!! 🐓 [잠실직캠] (05.19),https://www.youtube.com/watch?v=f5uXZRsom4I,https://img.youtube.com/vi/f5uXZRsom4I/maxresdefault.jpg,잠실직캠,2026년 5월 19일,2026년 8월 6일 오전 10:27
5월 17일(일) 롯데 vs 두산 | 2026 정규시즌 H/L,https://www.youtube.com/watch?v=zxplSA9aViE,https://img.youtube.com/vi/zxplSA9aViE/maxresdefault.jpg,하이라이트,2026년 5월 17일,2026년 8월 6일 오전 10:27
[애프터게임] #강승호 #최승용 #박지훈 #최준호 #김민석 (05.17),https://www.youtube.com/watch?v=qO1Q5JGH0Dg,https://img.youtube.com/vi/qO1Q5JGH0Dg/maxresdefault.jpg,애프터게임,2026년 5월 17일,2026년 8월 6일 오전 10:27
선데이 베어스가 월요일 기분 세이브 해드립니다😎 [잠실직캠] (05.17),https://www.youtube.com/watch?v=TSe-pf9dVNo,https://img.youtube.com/vi/TSe-pf9dVNo/maxresdefault.jpg,잠실직캠,2026년 5월 17일,2026년 8월 6일 오전 10:27
5월 16일(토) 롯데 vs 두산 | 2026 정규시즌 H/L,https://www.youtube.com/watch?v=0nyxy8jhB5Q,https://img.youtube.com/vi/0nyxy8jhB5Q/maxresdefault.jpg,하이라이트,2026년 5월 16일,2026년 8월 6일 오전 10:27
필요했던 단 1점! #강승호 끝내기🔥 (feat. 주형캠📸) [2026 베어스티비],https://www.youtube.com/watch?v=FrU3hfUSpOI,https://img.youtube.com/vi/FrU3hfUSpOI/maxresdefault.jpg,베어스티비,2026년 5월 16일,2026년 8월 6일 오전 10:27
[애프터게임] #양재훈 #강승호 (05.16),https://www.youtube.com/watch?v=_9QetXNRslg,https://img.youtube.com/vi/_9QetXNRslg/maxresdefault.jpg,애프터게임,2026년 5월 16일,2026년 8월 6일 오전 10:27
포기하지 않아서 무너지지 않은 연장 혈투 끝 값진 끝내기 승🔥 [잠실직캠] (05.16),https://www.youtube.com/watch?v=SYgWAPPlA1Y,https://img.youtube.com/vi/SYgWAPPlA1Y/maxresdefault.jpg,잠실직캠,2026년 5월 16일,2026년 8월 6일 오전 10:27
두산베어스 X 아디다스 컬쳐웨어 POP-UP! 🐻🤍 [베어스티비],https://www.youtube.com/watch?v=fqN-Vy2txAQ,https://img.youtube.com/vi/fqN-Vy2txAQ/maxresdefault.jpg,베어스티비,2026년 5월 15일,2026년 8월 6일 오전 10:27
오래 기다리셨습니다 💦 만두 승용의 첫승 그리고 순이의 원정 첫 홈런! [잠실직캠] (05.12),https://www.youtube.com/watch?v=R5PWJWU28wE,https://img.youtube.com/vi/R5PWJWU28wE/maxresdefault.jpg,잠실직캠,2026년 5월 13일,2026년 8월 6일 오전 10:27
4월 마지막을 장식한 #앤더블 #최예나 #키드밀리 #최지수 시구자들🍀 | 2026 시구 비하인드,https://www.youtube.com/watch?v=MMmnWEKV3oQ,https://img.youtube.com/vi/MMmnWEKV3oQ/maxresdefault.jpg,기타,2026년 5월 13일,2026년 8월 6일 오전 10:27
5월 12일(화) 두산 vs KIA | 2026 정규시즌 H/L,https://www.youtube.com/watch?v=Lym4bsKURC8,https://img.youtube.com/vi/Lym4bsKURC8/maxresdefault.jpg,하이라이트,2026년 5월 12일,2026년 8월 6일 오전 10:27
[애프터게임] #정수빈 #최승용 (05.12),https://www.youtube.com/watch?v=QKFDV3vrDnk,https://img.youtube.com/vi/QKFDV3vrDnk/maxresdefault.jpg,애프터게임,2026년 5월 12일,2026년 8월 6일 오전 10:27
복숭아뼈 슬랙스와 나팔바지를 즐겨 입는 패션왕 이야기 [두런두런 ep.5],https://www.youtube.com/watch?v=mReBrfe0wY8,https://img.youtube.com/vi/mReBrfe0wY8/maxresdefault.jpg,두런두런,2026년 5월 11일,2026년 8월 6일 오전 10:27
최강10번타자가 왜 렛두로를 기대하는지 알 것 같다. 두산베어스 땡큐~🫰 [잠실직캠] (05.09),https://www.youtube.com/watch?v=s_N-FkNXoyc,https://img.youtube.com/vi/s_N-FkNXoyc/maxresdefault.jpg,잠실직캠,2026년 5월 10일,2026년 8월 6일 오전 10:27
5월 10일(일) SSG vs 두산 | 2026 정규시즌 H/L,https://www.youtube.com/watch?v=ag-3rUPNe4g,https://img.youtube.com/vi/ag-3rUPNe4g/maxresdefault.jpg,하이라이트,2026년 5월 10일,2026년 8월 6일 오전 10:27
[애프터게임] #잭로그 #이영하 #박준순 (05.10),https://www.youtube.com/watch?v=ZxMM9kv8Kss,https://img.youtube.com/vi/ZxMM9kv8Kss/maxresdefault.jpg,애프터게임,2026년 5월 10일,2026년 8월 6일 오전 10:27
㈁ㅐ 심スБ은 မㅏ보○lㄷΓ.. ユ㉣ㅐᨈㅓ 두ᄉビ廿ㅔ어스 밖࿁ㅔ ヘㅏ己б 할줄 모른ㄷΓ..★ [잠실직캠] (05.10),https://www.youtube.com/watch?v=yukGylFcfuM,https://img.youtube.com/vi/yukGylFcfuM/maxresdefault.jpg,잠실직캠,2026년 5월 10일,2026년 8월 6일 오전 10:27
5월 9일(토) SSG vs 두산 | 2026 정규시즌 H/L,https://www.youtube.com/watch?v=2mZYmKv_igs,https://img.youtube.com/vi/2mZYmKv_igs/maxresdefault.jpg,하이라이트,2026년 5월 9일,2026년 8월 6일 오전 10:27
[애프터게임] #카메론 #윤준호 #정수빈 (05.09),https://www.youtube.com/watch?v=Qk7_vdvatEc,https://img.youtube.com/vi/Qk7_vdvatEc/maxresdefault.jpg,애프터게임,2026년 5월 9일,2026년 8월 6일 오전 10:27
5월 7일(목) 두산 vs LG | 2026 정규시즌 H/L,https://www.youtube.com/watch?v=DhPAt6-INlc,https://img.youtube.com/vi/DhPAt6-INlc/maxresdefault.jpg,하이라이트,2026년 5월 7일,2026년 8월 6일 오전 10:27
[애프터게임] #김민석 #이영하 #조수행 #박지훈 (05.07),https://www.youtube.com/watch?v=UUoRB65UmTw,https://img.youtube.com/vi/UUoRB65UmTw/maxresdefault.jpg,애프터게임,2026년 5월 7일,2026년 8월 6일 오전 10:27
두린이로 시작해서 두린이로 끝난 대역전의 8회🔥 [잠실직캠] (05.07),https://www.youtube.com/watch?v=rIk10KqSh3E,https://img.youtube.com/vi/rIk10KqSh3E/maxresdefault.jpg,잠실직캠,2026년 5월 7일,2026년 8월 6일 오전 10:27
렛두로 씨리즈 직관 전 예습 필수 🔥 2026 렛두로 씨리즈 #타자 등장곡 𝑃𝑙𝑎𝑦𝑙𝑖𝑠𝑡 🎧 [베어스티비],https://www.youtube.com/watch?v=JpNCluVxi4U,https://img.youtube.com/vi/JpNCluVxi4U/maxresdefault.jpg,베어스티비,2026년 5월 6일,2026년 8월 6일 오전 10:27
렛두로 씨리즈 직관 전 예습 필수 🔥 2026 렛두로 씨리즈 #투수 등장곡 𝑃𝑙𝑎𝑦𝑙𝑖𝑠𝑡 🎧 [베어스티비],https://www.youtube.com/watch?v=NiIuIcyoiV4,https://img.youtube.com/vi/NiIuIcyoiV4/maxresdefault.jpg,베어스티비,2026년 5월 6일,2026년 8월 6일 오전 10:27
두린이에게 보내는 꿈과 희망이 가득한(?) 덕담 사인볼⚾️ [베어스티비],https://www.youtube.com/watch?v=3Ngw0OrsEPg,https://img.youtube.com/vi/3Ngw0OrsEPg/maxresdefault.jpg,베어스티비,2026년 5월 5일,2026년 8월 6일 오전 10:27
Welcome to the 렛두로 씨리즈 〰️ 🔥 등장곡 선정 비하인드 [베어스티비],https://www.youtube.com/watch?v=wSk2ekB7Mmg,https://img.youtube.com/vi/wSk2ekB7Mmg/maxresdefault.jpg,베어스티비,2026년 5월 4일,2026년 8월 6일 오전 10:27
5월 3일(일) 두산 vs 키움 | 2026 정규시즌 H/L,https://www.youtube.com/watch?v=-K5hg5YiI4M,https://img.youtube.com/vi/-K5hg5YiI4M/maxresdefault.jpg,하이라이트,2026년 5월 3일,2026년 8월 6일 오전 10:27
[애프터게임] #곽빈 #정수빈 #오명진 #김기연 (05.03),https://www.youtube.com/watch?v=XX7RjB-5YJ4,https://img.youtube.com/vi/XX7RjB-5YJ4/maxresdefault.jpg,애프터게임,2026년 5월 3일,2026년 8월 6일 오전 10:27
🐻두산의 야구를 모르느냐 하지 마시고 오늘 경기를 봐주세요💥 [잠실직캠] (05.03),https://www.youtube.com/watch?v=UVKugca-v5k,https://img.youtube.com/vi/UVKugca-v5k/maxresdefault.jpg,잠실직캠,2026년 5월 3일,2026년 8월 6일 오전 10:27
🔥이기고 있어도 넘어지고 구르는🐻💨두산식 허슬 야구💥 [잠실직캠] (05.01),https://www.youtube.com/watch?v=F_CJUTiq9Lk,https://img.youtube.com/vi/F_CJUTiq9Lk/maxresdefault.jpg,잠실직캠,2026년 5월 2일,2026년 8월 6일 오전 10:27
우리는 #박준순 밖에 모른다 [잠실직캠] (04.30),https://www.youtube.com/watch?v=K_FQmSVUdzM,https://img.youtube.com/vi/K_FQmSVUdzM/maxresdefault.jpg,잠실직캠,2026년 5월 1일,2026년 8월 6일 오전 10:27
타자의 타이밍 vs 투수의 볼배합💥대결의 승자는?🥊 [컴투스프로야구V26],https://www.youtube.com/watch?v=0TDH5_WB_pQ,https://img.youtube.com/vi/0TDH5_WB_pQ/maxresdefault.jpg,기타,2026년 5월 1일,2026년 8월 6일 오전 10:27
[애프터게임] #김기연 #안재석 (05.01),https://www.youtube.com/watch?v=BqTWGiPzrEk,https://img.youtube.com/vi/BqTWGiPzrEk/maxresdefault.jpg,애프터게임,2026년 5월 1일,2026년 8월 6일 오전 10:27
5월 1일(금) 두산 vs 키움 | 2026 정규시즌 H/L,https://www.youtube.com/watch?v=R-wDiq0Da5Q,https://img.youtube.com/vi/R-wDiq0Da5Q/maxresdefault.jpg,하이라이트,2026년 5월 1일,2026년 8월 6일 오전 10:27
잠실의 왕자 탄생⁉️ #안재석 의 공수 활약으로 만들어낸 값진 승리! [잠실직캠] (04.29),https://www.youtube.com/watch?v=_NW8QCxn5Gw,https://img.youtube.com/vi/_NW8QCxn5Gw/maxresdefault.jpg,잠실직캠,2026년 4월 30일,2026년 8월 6일 오전 10:27
4월 30일(목) 삼성 vs 두산 | 2026 정규시즌 H/L,https://www.youtube.com/watch?v=rBgwu0SVMrg,https://img.youtube.com/vi/rBgwu0SVMrg/maxresdefault.jpg,하이라이트,2026년 4월 30일,2026년 8월 6일 오전 10:27
[애프터게임] #최준호 #이영하 #박준순 (04.30),https://www.youtube.com/watch?v=hxvpmTAirMU,https://img.youtube.com/vi/hxvpmTAirMU/maxresdefault.jpg,애프터게임,2026년 4월 30일,2026년 8월 6일 오전 10:27
박찬호가 말하는 F의 특징(?) 열정과 촌스러움은 한 끗 차이다 ✔️ [두런두런 EP.4],https://www.youtube.com/watch?v=RZAsEyk05tg,https://img.youtube.com/vi/RZAsEyk05tg/maxresdefault.jpg,두런두런,2026년 4월 29일,2026년 8월 6일 오전 10:27
4월 29일(수) 삼성 vs 두산 | 2026 정규시즌 H/L,https://www.youtube.com/watch?v=I_d9sJxoTH8,https://img.youtube.com/vi/I_d9sJxoTH8/maxresdefault.jpg,하이라이트,2026년 4월 29일,2026년 8월 6일 오전 10:27
[애프터게임] #김민석 #잭로그 #카메론 #안재석 (04.29),https://www.youtube.com/watch?v=PpYqBR98ugo,https://img.youtube.com/vi/PpYqBR98ugo/maxresdefault.jpg,애프터게임,2026년 4월 29일,2026년 8월 6일 오전 10:27
왔어요! #임윤아 #정상훈 #박주아선수 두산베어스 시구하러 왔어요! 🤭💓 ｜ 2026 시구 비하인드,https://www.youtube.com/watch?v=AX10rbTPsls,https://img.youtube.com/vi/AX10rbTPsls/maxresdefault.jpg,기타,2026년 4월 27일,2026년 8월 6일 오전 10:27
모함과 폭로 그리고 자폭(?) | 이천일기 비하인드 [두런두런 EP.3],https://www.youtube.com/watch?v=xrjHI9KioWI,https://img.youtube.com/vi/xrjHI9KioWI/maxresdefault.jpg,두런두런,2026년 4월 27일,2026년 8월 6일 오전 10:27
4월 26일(일) LG vs 두산 | 2026 정규시즌 H/L,https://www.youtube.com/watch?v=BJMYayT_yKE,https://img.youtube.com/vi/BJMYayT_yKE/maxresdefault.jpg,하이라이트,2026년 4월 26일,2026년 8월 6일 오전 10:27
두산베어스 최연소 끝내기의 주인공 #순이 #박준순 (feat. 꼬꼬캠📸) [2026 베어스티비],https://www.youtube.com/watch?v=B81Jb9jPTyg,https://img.youtube.com/vi/B81Jb9jPTyg/maxresdefault.jpg,베어스티비,2026년 4월 26일,2026년 8월 6일 오전 10:27
[애프터게임] #임종성 #이영하 #박준순 #벤자민 (04.26),https://www.youtube.com/watch?v=cz0ooMCdrbQ,https://img.youtube.com/vi/cz0ooMCdrbQ/maxresdefault.jpg,애프터게임,2026년 4월 26일,2026년 8월 6일 오전 10:27
두산베어스 최연소 끝내기가 만든 해피 순데이(SUNDAY)🧸 [잠실직캠] (04.26),https://www.youtube.com/watch?v=GyqqhzKNY60,https://img.youtube.com/vi/GyqqhzKNY60/maxresdefault.jpg,잠실직캠,2026년 4월 26일,2026년 8월 6일 오전 10:27
타선 폭발과 함께 간절했던 #곽빈 첫 승! 그리고 4연승🔥 [잠실직캠] (04.22),https://www.youtube.com/watch?v=cjrLqajQDLo,https://img.youtube.com/vi/cjrLqajQDLo/maxresdefault.jpg,잠실직캠,2026년 4월 23일,2026년 8월 6일 오전 10:27
#벤자민 무실점 피칭으로 성공적인 KBO 복귀전! 그리고 3연승🔥 [잠실직캠] (04.21),https://www.youtube.com/watch?v=fmVVej8-QZI,https://img.youtube.com/vi/fmVVej8-QZI/maxresdefault.jpg,잠실직캠,2026년 4월 22일,2026년 8월 6일 오전 10:27
4월 22일(수) 두산 vs 롯데 | 2026 정규시즌 H/L,https://www.youtube.com/watch?v=SkTKijblFDY,https://img.youtube.com/vi/SkTKijblFDY/maxresdefault.jpg,하이라이트,2026년 4월 22일,2026년 8월 6일 오전 10:27
[애프터게임] #곽빈 #정수빈 #김정우 #양재훈 #박찬호 (04.22),https://www.youtube.com/watch?v=mztMDH-s_WU,https://img.youtube.com/vi/mztMDH-s_WU/maxresdefault.jpg,애프터게임,2026년 4월 22일,2026년 8월 6일 오전 10:27
4월 21일(화) 두산 vs 롯데 | 2026 정규시즌 H/L,https://www.youtube.com/watch?v=Oitqqjvzdrc,https://img.youtube.com/vi/Oitqqjvzdrc/maxresdefault.jpg,하이라이트,2026년 4월 21일,2026년 8월 6일 오전 10:27
[애프터게임] #정수빈 #이병헌 #김택연 #벤자민 (04.21),https://www.youtube.com/watch?v=h5Y_gGJ5PQ8,https://img.youtube.com/vi/h5Y_gGJ5PQ8/maxresdefault.jpg,애프터게임,2026년 4월 21일,2026년 8월 6일 오전 10:27
[2026 이천일기] EP.1 비가 와야 꽃이 핀다,https://www.youtube.com/watch?v=dvqtgtUu1jg,https://img.youtube.com/vi/dvqtgtUu1jg/maxresdefault.jpg,이천일기,2026년 4월 20일,2026년 8월 6일 오전 10:27
4월 19일(일) KIA vs 두산 | 2026 정규시즌 H/L,https://www.youtube.com/watch?v=Ssho_ildlFY,https://img.youtube.com/vi/Ssho_ildlFY/maxresdefault.jpg,하이라이트,2026년 4월 19일,2026년 8월 6일 오전 10:27
[애프터게임] #박찬호 #박준순 #김민석 #카메론 #이병헌 #최민석 (04.19),https://www.youtube.com/watch?v=D3Zy66e98GY,https://img.youtube.com/vi/D3Zy66e98GY/maxresdefault.jpg,애프터게임,2026년 4월 19일,2026년 8월 6일 오전 10:27
해냈다 해냈어! 감격의 시즌 첫 위닝 시리즈 ✌🏻[잠실직캠] (04.19),https://www.youtube.com/watch?v=jr9gp3_dL9E,https://img.youtube.com/vi/jr9gp3_dL9E/maxresdefault.jpg,잠실직캠,2026년 4월 19일,2026년 8월 6일 오전 10:27
우리 팀에 돌*앤가바나 모델이?!🤔 돌체라떼 좋아하는 사람이 아니고?!  [베어스티비],https://www.youtube.com/watch?v=91lEzaCzBkA,https://img.youtube.com/vi/91lEzaCzBkA/maxresdefault.jpg,베어스티비,2026년 4월 18일,2026년 8월 6일 오전 10:27
4월 18일(토) KIA vs 두산 | 2026 정규시즌 H/L,https://www.youtube.com/watch?v=PzEw1UGkDPc,https://img.youtube.com/vi/PzEw1UGkDPc/maxresdefault.jpg,하이라이트,2026년 4월 18일,2026년 8월 6일 오전 10:27
시즌 첫 끝내기! 그리고 프로 첫 끝내기! #이유찬 (feat. 재훈캠📸) [베어스티비],https://www.youtube.com/watch?v=6U3FjDNHIh4,https://img.youtube.com/vi/6U3FjDNHIh4/maxresdefault.jpg,베어스티비,2026년 4월 18일,2026년 8월 6일 오전 10:27
연패를 끊은 끝내기 승리의 주역들! [애프터게임] (04.18),https://www.youtube.com/watch?v=m9tvtIdAB-w,https://img.youtube.com/vi/m9tvtIdAB-w/maxresdefault.jpg,애프터게임,2026년 4월 18일,2026년 8월 6일 오전 10:27
잠실야구장을 뒤집어놓은 이유찬의 한방 💥 시즌 첫 끝내기로 승리! [잠실직캠] (04.18),https://www.youtube.com/watch?v=cwF6xgScjM0,https://img.youtube.com/vi/cwF6xgScjM0/maxresdefault.jpg,잠실직캠,2026년 4월 18일,2026년 8월 6일 오전 10:27
두산베어스 시구&시타 마운드를 빛내준 시구자들✨ ｜ 2026 시구 비하인드,https://www.youtube.com/watch?v=H1Ze2KdcJfY,https://img.youtube.com/vi/H1Ze2KdcJfY/maxresdefault.jpg,기타,2026년 4월 17일,2026년 8월 6일 오전 10:27
두산 므찌나⁉️두산 므찌다‼️홈런 파티로 성공적인 한 주의 시작💥 [잠실직캠] (04.14),https://www.youtube.com/watch?v=vTp8Qoap5rk,https://img.youtube.com/vi/vTp8Qoap5rk/maxresdefault.jpg,잠실직캠,2026년 4월 15일,2026년 8월 6일 오전 10:27
이제는 베어스 손아섭🐻! 손아섭 합류 영상 [베어스티비] (04.14),https://www.youtube.com/watch?v=RUjiVfK2i54,https://img.youtube.com/vi/RUjiVfK2i54/maxresdefault.jpg,베어스티비,2026년 4월 15일,2026년 8월 6일 오전 10:27
"Good bye, 이교훈의 마지막 인사 [베어스티비] (04.14)",https://www.youtube.com/watch?v=B5g8at8TYKU,https://img.youtube.com/vi/B5g8at8TYKU/maxresdefault.jpg,베어스티비,2026년 4월 14일,2026년 8월 6일 오전 10:27
4월 14일(화) 두산 vs SSG | 2026 정규시즌 H/L,https://www.youtube.com/watch?v=C3d-m7mWakw,https://img.youtube.com/vi/C3d-m7mWakw/maxresdefault.jpg,하이라이트,2026년 4월 14일,2026년 8월 6일 오전 10:27
가장 오래 달릴 팀 두산💪🏻🐻 [애프터게임] (04.14),https://www.youtube.com/watch?v=lpz3wHhYsbU,https://img.youtube.com/vi/lpz3wHhYsbU/maxresdefault.jpg,애프터게임,2026년 4월 14일,2026년 8월 6일 오전 10:27
추운 날씨에도 하나 된 마음으로 이겨낸 팀 두산! 연장 승부 끝에 가져온 승리 🔥 [잠실직캠] (04.10),https://www.youtube.com/watch?v=NaU5daYBUuw,https://img.youtube.com/vi/NaU5daYBUuw/maxresdefault.jpg,잠실직캠,2026년 4월 11일,2026년 8월 6일 오전 10:28
4월 10일(금) 두산 vs KT | 2026 정규시즌 H/L,https://www.youtube.com/watch?v=v5_vOxwSg6U,https://img.youtube.com/vi/v5_vOxwSg6U/maxresdefault.jpg,하이라이트,2026년 4월 10일,2026년 8월 6일 오전 10:28
"시즌 첫 퀄스, 데뷔 첫 세이브 그리고 결승타의 남자 🔥 [애프터게임] (04.10)",https://www.youtube.com/watch?v=bCQrmvnen8E,https://img.youtube.com/vi/bCQrmvnen8E/maxresdefault.jpg,애프터게임,2026년 4월 10일,2026년 8월 6일 오전 10:28
무실점의 남자 최민석의 호투와 함께 값진 승리🙌! [잠실직캠] (04.08),https://www.youtube.com/watch?v=Am2V65afGQM,https://img.youtube.com/vi/Am2V65afGQM/maxresdefault.jpg,잠실직캠,2026년 4월 9일,2026년 8월 6일 오전 10:28
내 밑으로 다 모여! 후배들에게 소고기 통 크게 쏜 박찬호 🍚 [두런두런 EP. 2],https://www.youtube.com/watch?v=crm7v_pImZw,https://img.youtube.com/vi/crm7v_pImZw/maxresdefault.jpg,두런두런,2026년 4월 9일,2026년 8월 6일 오전 10:28
4월 8일(수) 키움 vs 두산 | 2026 정규시즌 H/L,https://www.youtube.com/watch?v=muNcnzPmvNk,https://img.youtube.com/vi/muNcnzPmvNk/maxresdefault.jpg,하이라이트,2026년 4월 8일,2026년 8월 6일 오전 10:28
순이와 민석이 그리고 민석이 [애프터게임] (04.08),https://www.youtube.com/watch?v=FdCBGgpVMqA,https://img.youtube.com/vi/FdCBGgpVMqA/maxresdefault.jpg,애프터게임,2026년 4월 8일,2026년 8월 6일 오전 10:28
주말 홈 경기 끝나고 즐기는 AFTER PARTY 🐻🎉 [베어스티비],https://www.youtube.com/watch?v=yO6Bw6WHPkM,https://img.youtube.com/vi/yO6Bw6WHPkM/maxresdefault.jpg,베어스티비,2026년 4월 6일,2026년 8월 6일 오전 10:28
홈 개막 시리즈 현장 속으로! 🐻 [베어스티비],https://www.youtube.com/watch?v=n6M98Mzh10c,https://img.youtube.com/vi/n6M98Mzh10c/maxresdefault.jpg,베어스티비,2026년 4월 6일,2026년 8월 6일 오전 10:28
4월 5일(일) 한화 vs 두산 | 2026 정규시즌 H/L,https://www.youtube.com/watch?v=Kbl6HLt3hgQ,https://img.youtube.com/vi/Kbl6HLt3hgQ/maxresdefault.jpg,하이라이트,2026년 4월 5일,2026년 8월 6일 오전 10:28
잘 던지고 잘 쳤다 [애프터게임] (04.05),https://www.youtube.com/watch?v=Av7Jxgxy9aQ,https://img.youtube.com/vi/Av7Jxgxy9aQ/maxresdefault.jpg,애프터게임,2026년 4월 5일,2026년 8월 6일 오전 10:28
모두가 간절했던 잠실에서의 첫 승! [잠실직캠] (04.05),https://www.youtube.com/watch?v=l6bWZTlBf9Y,https://img.youtube.com/vi/l6bWZTlBf9Y/maxresdefault.jpg,잠실직캠,2026년 4월 5일,2026년 8월 6일 오전 10:28
[Time To Move On] 잠실야구장의 마지막 순간은 오직 두산베어스 | 2026 홈 개막전 Teaser,https://www.youtube.com/watch?v=EK4uMisZPAw,https://img.youtube.com/vi/EK4uMisZPAw/maxresdefault.jpg,기타,2026년 4월 3일,2026년 8월 6일 오전 10:28
[Time To Move On] 다시 일어설 시간 | 2026 홈 개막전 Teaser,https://www.youtube.com/watch?v=rizZcpDfFZU,https://img.youtube.com/vi/rizZcpDfFZU/maxresdefault.jpg,기타,2026년 4월 3일,2026년 8월 6일 오전 10:28
[홈개막 D-Day] HOME OPENING SERIES,https://www.youtube.com/watch?v=pKjTTEXcaDA,https://img.youtube.com/vi/pKjTTEXcaDA/maxresdefault.jpg,기타,2026년 4월 3일,2026년 8월 6일 오전 10:28
2026 두산베어스 PLAY BALL!!! [2026 전광판 영상],https://www.youtube.com/watch?v=jxpBDshbSS8,https://img.youtube.com/vi/jxpBDshbSS8/maxresdefault.jpg,기타,2026년 4월 3일,2026년 8월 6일 오전 10:28
[홈개막 D-2] 다시 승리를 위해 나아갈 시간 'Time to Move On' | AI 애니메이션 뮤직비디오,https://www.youtube.com/watch?v=HvUnbdzG6uE,https://img.youtube.com/vi/HvUnbdzG6uE/maxresdefault.jpg,기타,2026년 4월 1일,2026년 8월 6일 오전 10:28
눈물의 대역전극으로 만들어낸 시즌 첫 승리 [잠실직캠] (03.29),https://www.youtube.com/watch?v=y5nQkVN75kk,https://img.youtube.com/vi/y5nQkVN75kk/maxresdefault.jpg,잠실직캠,2026년 3월 30일,2026년 8월 6일 오전 10:28
흙니폼계 권위자 정수빈의 플레이어 허슬 에디션 촬영 비하인드 (with. 쩡으누) 🎬 [베어스티비],https://www.youtube.com/watch?v=dfh14ZmyjOg,https://img.youtube.com/vi/dfh14ZmyjOg/maxresdefault.jpg,베어스티비,2026년 3월 30일,2026년 8월 6일 오전 10:28
3월 29일 두산 vs NC | 2026 정규시즌 H/L,https://www.youtube.com/watch?v=5jNXf_sh_3Q,https://img.youtube.com/vi/5jNXf_sh_3Q/maxresdefault.jpg,하이라이트,2026년 3월 29일,2026년 8월 6일 오전 10:28
간절함이 만들어낸 첫 승리 [애프터게임] (03.29),https://www.youtube.com/watch?v=cnf3Bq1nObU,https://img.youtube.com/vi/cnf3Bq1nObU/maxresdefault.jpg,애프터게임,2026년 3월 29일,2026년 8월 6일 오전 10:28
[𝑷𝑳𝑨𝒀𝑳𝑰𝑺𝑻] 지금부터 외쳐보자 두산베어스⚾🎶 | 2026 두산베어스 응원가 플레이리스트,https://www.youtube.com/watch?v=Cs6u1CZzkbE,https://img.youtube.com/vi/Cs6u1CZzkbE/maxresdefault.jpg,기타,2026년 3월 27일,2026년 8월 6일 오전 10:28
2026시즌 우승 공약 후보부터 베어스티비가 두튜브(?)로 개명할 뻔한 썰까지 💦 [두런두런 EP.1],https://www.youtube.com/watch?v=txbmSJlIVJ8,https://img.youtube.com/vi/txbmSJlIVJ8/maxresdefault.jpg,두런두런,2026년 3월 26일,2026년 8월 6일 오전 10:28
2026 두산베어스의 확실한 포부를 담은 미디어데이 현장🔥 | 2026 KBO 미디어데이 [베어스티비],https://www.youtube.com/watch?v=Ew1nMozN2wo,https://img.youtube.com/vi/Ew1nMozN2wo/maxresdefault.jpg,베어스티비,2026년 3월 26일,2026년 8월 6일 오전 10:28
등장곡을 못 정하길래 준비했습니다 #박찬호 등장곡 월드컵 🎶 (feat. 대전에서 찍힌 사진의 비밀) [베어스티비],https://www.youtube.com/watch?v=sLorNbogTQ4,https://img.youtube.com/vi/sLorNbogTQ4/maxresdefault.jpg,베어스티비,2026년 3월 25일,2026년 8월 6일 오전 10:28
3월 23일 두산 vs KT | 2026 시범경기 H/L,https://www.youtube.com/watch?v=t2NubF1xNM8,https://img.youtube.com/vi/t2NubF1xNM8/maxresdefault.jpg,하이라이트,2026년 3월 23일,2026년 8월 6일 오전 10:28
원빈 현빈 곽빈 Let's Go ✨ [2026 잠실직캠] (03.23),https://www.youtube.com/watch?v=TxCXdB9AVYk,https://img.youtube.com/vi/TxCXdB9AVYk/maxresdefault.jpg,잠실직캠,2026년 3월 23일,2026년 8월 6일 오전 10:28
"""내가 경찰인데?!"" 권력 욕심 가득한 야수 빌런들과 마피아 게임 한판 🎩 [베어스티비]",https://www.youtube.com/watch?v=4Hhc8QykBS4,https://img.youtube.com/vi/4Hhc8QykBS4/maxresdefault.jpg,베어스티비,2026년 3월 20일,2026년 8월 6일 오전 10:28
3월 20일 두산 vs 롯데 | 2026 시범경기 H/L,https://www.youtube.com/watch?v=JLGxdjLabZg,https://img.youtube.com/vi/JLGxdjLabZg/maxresdefault.jpg,하이라이트,2026년 3월 20일,2026년 8월 6일 오전 10:28
올 시즌 응원 단상을 책임질 2026 응원단 프로필 촬영📣💗,https://www.youtube.com/watch?v=ge8hkoMnl7Y,https://img.youtube.com/vi/ge8hkoMnl7Y/maxresdefault.jpg,기타,2026년 3월 18일,2026년 8월 6일 오전 10:28
두산베어스 X 스너글 콜라보 팝업 스토어 BEARSLAND🐻✨️,https://www.youtube.com/watch?v=S7_aR2mn2AQ,https://img.youtube.com/vi/S7_aR2mn2AQ/maxresdefault.jpg,기타,2026년 3월 17일,2026년 8월 6일 오전 10:28
옛날 얘기해서 신난 AZ들의 라떼토크🗣 [2026 스프링캠프],https://www.youtube.com/watch?v=DxpXA5aJ7OU,https://img.youtube.com/vi/DxpXA5aJ7OU/maxresdefault.jpg,스프링캠프,2026년 3월 17일,2026년 8월 6일 오전 10:28
3월 17일 두산 vs 한화 | 2026 시범경기 H/L,https://www.youtube.com/watch?v=0vykBlCP0Zs,https://img.youtube.com/vi/0vykBlCP0Zs/maxresdefault.jpg,하이라이트,2026년 3월 17일,2026년 8월 6일 오전 10:28
도파민 시대에 정면으로 맞서는 신지 표 도파민 디톡스 브이로그📸 [2026 스프링캠프],https://www.youtube.com/watch?v=mEoYiaI2YlY,https://img.youtube.com/vi/mEoYiaI2YlY/maxresdefault.jpg,스프링캠프,2026년 3월 16일,2026년 8월 6일 오전 10:28
3월 16일 두산 vs 한화 | 2026 시범경기 H/L,https://www.youtube.com/watch?v=BT41sMMfXdg,https://img.youtube.com/vi/BT41sMMfXdg/maxresdefault.jpg,하이라이트,2026년 3월 16일,2026년 8월 6일 오전 10:28
3월 15일 삼성 vs 두산 | 2026 시범경기 H/L,https://www.youtube.com/watch?v=IYfp-_XhZEA,https://img.youtube.com/vi/IYfp-_XhZEA/maxresdefault.jpg,하이라이트,2026년 3월 15일,2026년 8월 6일 오전 10:28
밥상을 차리라고 했더니 거하게 드셔 버린 테이블세터🔥[2026 잠실직캠] (03.15),https://www.youtube.com/watch?v=r6iZ5DBlAJs,https://img.youtube.com/vi/r6iZ5DBlAJs/maxresdefault.jpg,잠실직캠,2026년 3월 15일,2026년 8월 6일 오전 10:28
3월 13일 키움 vs 두산 | 2026 시범경기 H/L,https://www.youtube.com/watch?v=y_lysSWjtFU,https://img.youtube.com/vi/y_lysSWjtFU/maxresdefault.jpg,하이라이트,2026년 3월 13일,2026년 8월 6일 오전 10:28
공수 압도로 시범 경기 2연승! 🔥 [2026 잠실직캠] (03.13),https://www.youtube.com/watch?v=mvBhUqcstUY,https://img.youtube.com/vi/mvBhUqcstUY/maxresdefault.jpg,잠실직캠,2026년 3월 13일,2026년 8월 6일 오전 10:28
3월 12일 키움 vs 두산 | 2026 시범경기 H/L,https://www.youtube.com/watch?v=kcaiS-S6iIw,https://img.youtube.com/vi/kcaiS-S6iIw/maxresdefault.jpg,하이라이트,2026년 3월 12일,2026년 8월 6일 오전 10:28
드디어 시작된 시범 경기! 타선 폭발로 만들어 낸 첫 승리🔥 [2026 잠실직캠] (03.12),https://www.youtube.com/watch?v=jMqnucNlnD4,https://img.youtube.com/vi/jMqnucNlnD4/maxresdefault.jpg,잠실직캠,2026년 3월 12일,2026년 8월 6일 오전 10:28
26시즌 NEW 응원가 大공개‼️직관 전 빠르게 예습하기📖 [베어스티비],https://www.youtube.com/watch?v=C6HqbI_kNEA,https://img.youtube.com/vi/C6HqbI_kNEA/maxresdefault.jpg,베어스티비,2026년 3월 11일,2026년 8월 6일 오전 10:28
정수빈은 절대 짠돌이가 아님을 이 영상을 통해 밝힙니다 💸 [미야자키 두런두런],https://www.youtube.com/watch?v=MpnT3oNJZ5o,https://img.youtube.com/vi/MpnT3oNJZ5o/maxresdefault.jpg,두런두런,2026년 3월 10일,2026년 8월 6일 오전 10:28
베어스랜드로 놀러와~🎡🎠 | 팝업 포토 위드프레임 메이킹,https://www.youtube.com/watch?v=1mOPGsqSs9o,https://img.youtube.com/vi/1mOPGsqSs9o/maxresdefault.jpg,기타,2026년 3월 9일,2026년 8월 6일 오전 10:28
맵다 매워🔥 정신 혼미해지는 프로 악플러들의 입중계 현장 [2026 스프링캠프],https://www.youtube.com/watch?v=TXcMc5ZExKk,https://img.youtube.com/vi/TXcMc5ZExKk/maxresdefault.jpg,스프링캠프,2026년 3월 9일,2026년 8월 6일 오전 10:28
미스터 미야자키를 노리는 한 사람🍑 마지막까지 시끌벅적한 스프링캠프🌴 [2026 스프링캠프],https://www.youtube.com/watch?v=dZEE0gPVGG8,https://img.youtube.com/vi/dZEE0gPVGG8/maxresdefault.jpg,스프링캠프,2026년 3월 8일,2026년 8월 6일 오전 10:28
🍖고기는 같이 안 먹어도 해설은 같이 하는 원준&치국의 해설위원 데뷔전🎤 [2026 스프링캠프],https://www.youtube.com/watch?v=Jxud5Mtv4h4,https://img.youtube.com/vi/Jxud5Mtv4h4/maxresdefault.jpg,스프링캠프,2026년 3월 7일,2026년 8월 6일 오전 10:28
※쌍둥이 구별법 대공개※ 웰컴 투 쌍둥이 만담쇼 #윤태호 #윤태현 [2026 스프링캠프],https://www.youtube.com/watch?v=jrr-U0KdI_k,https://img.youtube.com/vi/jrr-U0KdI_k/maxresdefault.jpg,스프링캠프,2026년 3월 6일,2026년 8월 6일 오전 10:28
2026 두산베어스 스프링캠프 평가전 하이라이트 | SSG랜더스 vs 두산베어스 (03.06),https://www.youtube.com/watch?v=xiSy2y7mFM0,https://img.youtube.com/vi/xiSy2y7mFM0/maxresdefault.jpg,스프링캠프,2026년 3월 6일,2026년 8월 6일 오전 10:28
2026 두산베어스 스프링캠프 평가전 하이라이트 | SSG랜더스 vs 두산베어스 (03.05),https://www.youtube.com/watch?v=g8PnXoUPygQ,https://img.youtube.com/vi/g8PnXoUPygQ/maxresdefault.jpg,스프링캠프,2026년 3월 5일,2026년 8월 6일 오전 10:28
🔥끝나지 않는 공격🔥과 🧊상대를 꽁꽁 얼린 무실점🧊의 콜라보로 완승💥 [2026 스프링캠프],https://www.youtube.com/watch?v=g7vbh9XYPLM,https://img.youtube.com/vi/g7vbh9XYPLM/maxresdefault.jpg,스프링캠프,2026년 3월 4일,2026년 8월 6일 오전 10:28
선수랑 밥도 먹고 게임도 할 거야~ 많이 즐거울 거야~ | 참관단 팬미팅 비하인드 [2026 스프링캠프],https://www.youtube.com/watch?v=FspbIW7p9DY,https://img.youtube.com/vi/FspbIW7p9DY/maxresdefault.jpg,스프링캠프,2026년 3월 4일,2026년 8월 6일 오전 10:28
치열하고 일방적인 투닥투닥🗣️ [미야자키 두런두런],https://www.youtube.com/watch?v=ofyuBRU08Og,https://img.youtube.com/vi/ofyuBRU08Og/maxresdefault.jpg,두런두런,2026년 3월 3일,2026년 8월 6일 오전 10:28
2026 두산베어스 스프링캠프 평가전 하이라이트 | 미야자키 선샤인즈 vs 두산베어스 (03.03),https://www.youtube.com/watch?v=XLogDTGz80E,https://img.youtube.com/vi/XLogDTGz80E/maxresdefault.jpg,스프링캠프,2026년 3월 3일,2026년 8월 6일 오전 10:28
역전 그리고 또 역전⚡️짜릿했던 미야자키 청백전 [2026 스프링캠프],https://www.youtube.com/watch?v=3ywMC-rOhTc,https://img.youtube.com/vi/3ywMC-rOhTc/maxresdefault.jpg,스프링캠프,2026년 3월 2일,2026년 8월 6일 오전 10:28
2026 두산베어스 스프링캠프 청백전 하이라이트 (03.01),https://www.youtube.com/watch?v=0-ja-GgD1jQ,https://img.youtube.com/vi/0-ja-GgD1jQ/maxresdefault.jpg,스프링캠프,2026년 3월 1일,2026년 8월 6일 오전 10:28
미야자키 평가전에 나타난 휘핑크림 커플(들)👉🏻👈🏻 [미야자키 두런두런],https://www.youtube.com/watch?v=vP7ZVSGSqIM,https://img.youtube.com/vi/vP7ZVSGSqIM/maxresdefault.jpg,두런두런,2026년 2월 28일,2026년 8월 6일 오전 10:28
기다리고 기다리던 #잭로그 합류! 완전체가 된 투수들의 훈련 현장 🎶 [2026 스프링캠프],https://www.youtube.com/watch?v=7V36iOvRnBI,https://img.youtube.com/vi/7V36iOvRnBI/maxresdefault.jpg,스프링캠프,2026년 2월 27일,2026년 8월 6일 오전 10:28
박치국 야구 해설위원 데뷔전(?)일 뻔했으나 사라진 경기☔ [2026 스프링캠프],https://www.youtube.com/watch?v=EEhf7onmT1Y,https://img.youtube.com/vi/EEhf7onmT1Y/maxresdefault.jpg,스프링캠프,2026년 2월 27일,2026년 8월 6일 오전 10:28
미라클 두산의 저력을 보여주시길 바랍니다! 🐻 [2026 스프링캠프],https://www.youtube.com/watch?v=VhUHzP6A8JY,https://img.youtube.com/vi/VhUHzP6A8JY/maxresdefault.jpg,스프링캠프,2026년 2월 26일,2026년 8월 6일 오전 10:28
2026 두산베어스 스프링캠프 평가전 하이라이트 | 두산베어스 vs 세이부 라이온즈 (02.25),https://www.youtube.com/watch?v=pPcgJ1ngesk,https://img.youtube.com/vi/pPcgJ1ngesk/maxresdefault.jpg,스프링캠프,2026년 2월 25일,2026년 8월 6일 오전 10:28
흥이 넘친다 넘쳐💪 미야자키 첫 훈련 '야수조편' [2026 스프링캠프],https://www.youtube.com/watch?v=L62rh1PxpBY,https://img.youtube.com/vi/L62rh1PxpBY/maxresdefault.jpg,스프링캠프,2026년 2월 24일,2026년 8월 6일 오전 10:28
2026 미야자키 스프링캠프 평가전 생중계 안내 [베어스티비],https://www.youtube.com/watch?v=cF05zAA8PgI,https://img.youtube.com/vi/cF05zAA8PgI/maxresdefault.jpg,베어스티비,2026년 2월 23일,2026년 8월 6일 오전 10:28
박찬호 등장곡 골라줄 10번 타자 구함🐻💥 [시드니 두런두런],https://www.youtube.com/watch?v=-HOR9uTFBcA,https://img.youtube.com/vi/-HOR9uTFBcA/maxresdefault.jpg,두런두런,2026년 2월 23일,2026년 8월 6일 오전 10:28
야식 배달 왔습니다! 추억의 게임과 벌칙 릴스까지 알찬 가족오락관! [2026 스프링캠프],https://www.youtube.com/watch?v=6cmva0AR1tE,https://img.youtube.com/vi/6cmva0AR1tE/maxresdefault.jpg,스프링캠프,2026년 2월 22일,2026년 8월 6일 오전 10:28
[Team Theme곡] 다시 승리를 위해 달려갈 그 이름 [The Bears] M/V,https://www.youtube.com/watch?v=DEDHQZNjpEA,https://img.youtube.com/vi/DEDHQZNjpEA/maxresdefault.jpg,기타,2026년 2월 21일,2026년 8월 6일 오전 10:28
초구 홈런 & 역전 또 역전🔥마지막 청백전 하이라이트[2026 스프링캠프],https://www.youtube.com/watch?v=REY1LDpCj4w,https://img.youtube.com/vi/REY1LDpCj4w/maxresdefault.jpg,스프링캠프,2026년 2월 19일,2026년 8월 6일 오전 10:28
끝나지 않은 시드니의 저녁🌛 베어스 야간훈련 [2026 스프링캠프],https://www.youtube.com/watch?v=gYuUI-L6JBI,https://img.youtube.com/vi/gYuUI-L6JBI/maxresdefault.jpg,스프링캠프,2026년 2월 18일,2026년 8월 6일 오전 10:29
막둥이 주오의 찾아가는 세배 서비스(?) 세배 받아주오! [설특집],https://www.youtube.com/watch?v=Ase68zfDycU,https://img.youtube.com/vi/Ase68zfDycU/maxresdefault.jpg,기타,2026년 2월 17일,2026년 8월 6일 오전 10:29
김주오 카메론 첫 안타&양석환 투런포🔥청백전 하이라이트 [2026 스프링캠프],https://www.youtube.com/watch?v=hCnPn-NjL6E,https://img.youtube.com/vi/hCnPn-NjL6E/maxresdefault.jpg,스프링캠프,2026년 2월 17일,2026년 8월 6일 오전 10:29
빤찌(?)부심! 요리 부심! 별별 부심 다 모인 베어스의 점심시간 🌟 l 2026 잠실식단 in 시드니,https://www.youtube.com/watch?v=9V-0Qmd4ZhI,https://img.youtube.com/vi/9V-0Qmd4ZhI/maxresdefault.jpg,스프링캠프,2026년 2월 16일,2026년 8월 6일 오전 10:29
볼 끝 살발 vs 왜 이렇게 잘 쳐?!ㅣ두 번째 라이브 B/P [2026 스프링캠프],https://www.youtube.com/watch?v=Ri4K8UTkehM,https://img.youtube.com/vi/Ri4K8UTkehM/maxresdefault.jpg,스프링캠프,2026년 2월 15일,2026년 8월 6일 오전 10:29
카메론 비공식 첫 홈런🔥 첫 번째 라이브 B/P [2026 스프링캠프],https://www.youtube.com/watch?v=XV65S7fzzeY,https://img.youtube.com/vi/XV65S7fzzeY/maxresdefault.jpg,스프링캠프,2026년 2월 14일,2026년 8월 6일 오전 10:29
두바이쫀득쿠키 만들 사람~? 🎶 밸런타인데이 기념! 오로지 의식의 흐름대로(?) 만드는 #두쫀쿠 🧆 [2026 스프링캠프],https://www.youtube.com/watch?v=481RNQ3Wfec,https://img.youtube.com/vi/481RNQ3Wfec/maxresdefault.jpg,스프링캠프,2026년 2월 14일,2026년 8월 6일 오전 10:29
"""지금 그 볼 좋다!"" 김택연 이병헌 박치국 박신지 불펜 피칭 [2026 스프링캠프]",https://www.youtube.com/watch?v=vBRgP7MqSUU,https://img.youtube.com/vi/vBRgP7MqSUU/maxresdefault.jpg,스프링캠프,2026년 2월 13일,2026년 8월 6일 오전 10:29
조인성 코치: 내가 볼 받아보고 싶다💬 최지강 윤태호 이교훈 이주엽 불펜 피칭 [2026 스프링캠프],https://www.youtube.com/watch?v=1m5OLR8izcI,https://img.youtube.com/vi/1m5OLR8izcI/maxresdefault.jpg,스프링캠프,2026년 2월 13일,2026년 8월 6일 오전 10:29
30도루 내기?! 6년 만에 돌아온 정수빈 베어스 보이스🎤 [2026 스프링캠프],https://www.youtube.com/watch?v=3m5DTBQJ7xs,https://img.youtube.com/vi/3m5DTBQJ7xs/maxresdefault.jpg,스프링캠프,2026년 2월 12일,2026년 8월 6일 오전 10:29
국가대표 곽빈 WBC로 떠나는 길🇰🇷 [2026 스프링캠프],https://www.youtube.com/watch?v=czZmlzPxXaI,https://img.youtube.com/vi/czZmlzPxXaI/maxresdefault.jpg,스프링캠프,2026년 2월 12일,2026년 8월 6일 오전 10:29
💥알아도 못 칠 걸? 🇰🇷국가대표 곽빈 표 라이브 피칭🇰🇷 | LIVE B/P [2026 스프링캠프],https://www.youtube.com/watch?v=0tB8-22IhpQ,https://img.youtube.com/vi/0tB8-22IhpQ/maxresdefault.jpg,스프링캠프,2026년 2월 11일,2026년 8월 6일 오전 10:29
돌아온 이용찬 & 신인 최주형 서준오 불펜 피칭 [2026 스프링캠프],https://www.youtube.com/watch?v=cs9gaxBxDak,https://img.youtube.com/vi/cs9gaxBxDak/maxresdefault.jpg,스프링캠프,2026년 2월 11일,2026년 8월 6일 오전 10:29
🐻다들 돌잡이로 숟가락을 잡았을 거야...🥄 힘든 훈련에 지친 마음 고봉밥으로 달래는 곰들🍚 l 2026 잠실식단 in 시드니,https://www.youtube.com/watch?v=19tBWOmTxkg,https://img.youtube.com/vi/19tBWOmTxkg/maxresdefault.jpg,스프링캠프,2026년 2월 10일,2026년 8월 6일 오전 10:29
한국시리즈 MVP할 포수 누구얔!!! 포수조의 아침부터 저녁까지는 이렇게 굴러갑니다 🐌 [2026 스프링캠프],https://www.youtube.com/watch?v=G0ENxHWADDo,https://img.youtube.com/vi/G0ENxHWADDo/maxresdefault.jpg,스프링캠프,2026년 2월 9일,2026년 8월 6일 오전 10:29
혈당 스파이크에 완패한 포수조의 하루🫠 [2026 스프링캠프],https://www.youtube.com/watch?v=3Plm8bWLy0Y,https://img.youtube.com/vi/3Plm8bWLy0Y/maxresdefault.jpg,스프링캠프,2026년 2월 9일,2026년 8월 6일 오전 10:29
이영하 최원준 최민석 양재훈 불펜 피칭ㅣ치열한 선발 경쟁 [2026 스프링캠프],https://www.youtube.com/watch?v=l5-gSuNUKBc,https://img.youtube.com/vi/l5-gSuNUKBc/maxresdefault.jpg,스프링캠프,2026년 2월 8일,2026년 8월 6일 오전 10:29
"⚠️거의 풀버전⚠️투수, 내야수의 환상 호흡! 합동 PFP 수비 훈련 [2026 스프링캠프]",https://www.youtube.com/watch?v=0zSnDlV43Mg,https://img.youtube.com/vi/0zSnDlV43Mg/maxresdefault.jpg,스프링캠프,2026년 2월 8일,2026년 8월 6일 오전 10:29
정수빈 2026 타격폼 공개⁉️ 타격장에 가득한 오케이 소리📢 l 타격 훈련 ep.2 [2026 스프링캠프],https://www.youtube.com/watch?v=0zdariPi8Oc,https://img.youtube.com/vi/0zdariPi8Oc/maxresdefault.jpg,스프링캠프,2026년 2월 7일,2026년 8월 6일 오전 10:29
흐엌.. 함께 뛰지 않을래요? 이영하와 함께하는 투수조 러닝 타임 🏃🏻‍♂️ [2026 스프링캠프],https://www.youtube.com/watch?v=vFkWUoI0ZbQ,https://img.youtube.com/vi/vFkWUoI0ZbQ/maxresdefault.jpg,스프링캠프,2026년 2월 6일,2026년 8월 6일 오전 10:29
"곽빈, 최승용 불펜 피칭ㅣ김원형 감독, 정재훈 코치의 족집게 과외 [2026 스프링캠프]",https://www.youtube.com/watch?v=B70WNGtmjGs,https://img.youtube.com/vi/B70WNGtmjGs/maxresdefault.jpg,스프링캠프,2026년 2월 5일,2026년 8월 6일 오전 10:29
"목표는 우승! 가을의 영웅, 플렉센의 귀환 [2026 스프링캠프]",https://www.youtube.com/watch?v=BKcbM1WBX1Y,https://img.youtube.com/vi/BKcbM1WBX1Y/maxresdefault.jpg,스프링캠프,2026년 2월 4일,2026년 8월 6일 오전 10:29
‘메롱이♥수빈 엉아’ NEW 외국인 타자 다즈 카메론의 첫 훈련 날 👅 [2026 스프링캠프],https://www.youtube.com/watch?v=ssdXQR1t4gw,https://img.youtube.com/vi/ssdXQR1t4gw/maxresdefault.jpg,스프링캠프,2026년 2월 3일,2026년 8월 6일 오전 10:29
🚨안재석 식단 단속반 출동🚨 디저트는 두바쫀? 두쫀크? l 2026 잠실식단 in 시드니,https://www.youtube.com/watch?v=ZRKcO5GC1JE,https://img.youtube.com/vi/ZRKcO5GC1JE/maxresdefault.jpg,스프링캠프,2026년 2월 2일,2026년 8월 6일 오전 10:29
다들 힘이 왜 이렇게 좋아⁉️ 이진영 코치도 놀란 베어스 파워💪🏻🐻 l 타격 훈련 ep.1 [2026 스프링캠프],https://www.youtube.com/watch?v=lA0Z71nXTm4,https://img.youtube.com/vi/lA0Z71nXTm4/maxresdefault.jpg,스프링캠프,2026년 2월 1일,2026년 8월 6일 오전 10:29
캐치볼부터 양의지가 놀란 타무라의 첫 불펜 피칭 田村 伊知郎 [2026 스프링캠프],https://www.youtube.com/watch?v=DnNGZ_L9psY,https://img.youtube.com/vi/DnNGZ_L9psY/maxresdefault.jpg,스프링캠프,2026년 1월 31일,2026년 8월 6일 오전 10:29
나 너무 억울해... 🎤 박찬호의 목소리로 듣는 내야 펑고 훈련 [2026 스프링캠프],https://www.youtube.com/watch?v=9Gwv_szButA,https://img.youtube.com/vi/9Gwv_szButA/maxresdefault.jpg,스프링캠프,2026년 1월 30일,2026년 8월 6일 오전 10:29
너 음수가 뭔지 알아..?🔢 우열 티비와 함께하는 | 26 신인 2차 체력 측정,https://www.youtube.com/watch?v=bL1akEVVLSA,https://img.youtube.com/vi/bL1akEVVLSA/maxresdefault.jpg,기타,2026년 1월 28일,2026년 8월 6일 오전 10:29
하루를 가장 산뜻하게 시작하는 방법 = 'Early Work'에 참여하기 🔥 [2026 스프링캠프],https://www.youtube.com/watch?v=yPw1cblu7-I,https://img.youtube.com/vi/yPw1cblu7-I/maxresdefault.jpg,스프링캠프,2026년 1월 27일,2026년 8월 6일 오전 10:29
40℃ 폭염보다 뜨거운 파이팅! 🌞 스프링캠프 첫 훈련 완전 요약 [2026 스프링캠프],https://www.youtube.com/watch?v=iz7jHEJrv8c,https://img.youtube.com/vi/iz7jHEJrv8c/maxresdefault.jpg,스프링캠프,2026년 1월 26일,2026년 8월 6일 오전 10:29
"아 대화가 된다,  대화가 돼! 덕담과 토크로 가득 채운 출국 현장 🛫 [2026 스프링캠프]",https://www.youtube.com/watch?v=FKP0twJy5OY,https://img.youtube.com/vi/FKP0twJy5OY/maxresdefault.jpg,스프링캠프,2026년 1월 25일,2026년 8월 6일 오전 10:29
10시간 비행? 스트레스 많이 받을 거야! 시드니 스캠 도착 직캠 [2026 스프링캠프],https://www.youtube.com/watch?v=9o4rA4T26fI,https://img.youtube.com/vi/9o4rA4T26fI/maxresdefault.jpg,스프링캠프,2026년 1월 24일,2026년 8월 6일 오후 9:16
환영합니다 제대로 모시겠습니다🙌 | 2026 신인 선수 부모님 초청 행사,https://www.youtube.com/watch?v=4eu1muzKZg0,https://img.youtube.com/vi/4eu1muzKZg0/maxresdefault.jpg,기타,2026년 1월 23일,2026년 8월 6일 오후 9:16
TIME TO MOVE ON!,https://www.youtube.com/watch?v=lJwC3RAGezw,https://img.youtube.com/vi/lJwC3RAGezw/maxresdefault.jpg,기타,2026년 1월 23일,2026년 8월 6일 오후 9:16
프로필을 찍는다는 건 개막이 다가오고 있다는 것 ⚾️  2026시즌 프로필 촬영 비하인드 👀 [베어스티비],https://www.youtube.com/watch?v=XTXDkdvlyGM,https://img.youtube.com/vi/XTXDkdvlyGM/maxresdefault.jpg,베어스티비,2026년 1월 22일,2026년 8월 6일 오후 9:16
귀인들이 함께한 2026 스캠 선발대 출발 현장 with 랜덤 새해 덕담🗣️ [2026 스프링캠프],https://www.youtube.com/watch?v=QG_0ljOD7L8,https://img.youtube.com/vi/QG_0ljOD7L8/maxresdefault.jpg,스프링캠프,2026년 1월 20일,2026년 8월 6일 오후 9:16
[선공개] 제발 그만 좀 싸우세요💦 기빨리는 2026 프로필 비하인드🥊,https://www.youtube.com/watch?v=dOrUp8t7i6Q,https://img.youtube.com/vi/dOrUp8t7i6Q/maxresdefault.jpg,기타,2026년 1월 19일,2026년 8월 6일 오후 9:16
지금 시작입니다! TIME TO MOVE ON  | 2026 창단기념식,https://www.youtube.com/watch?v=ZPe67TvQ_D8,https://img.youtube.com/vi/ZPe67TvQ_D8/maxresdefault.jpg,기타,2026년 1월 16일,2026년 8월 6일 오후 9:16
따끈따끈 빵을 제가 만들었거든요. 먹으실 수 있으시겠어요? | 2026 사랑의 빵봉사 비하인드 👨🏻‍🍳,https://www.youtube.com/watch?v=huN_mqHeUrs,https://img.youtube.com/vi/huN_mqHeUrs/maxresdefault.jpg,기타,2026년 1월 13일,2026년 8월 6일 오후 9:16
양의지&최원준이 한강 러닝 뛴 사연🏃‍♂️🏃‍♂️ 다큐 비하인드컷 [베어스티비],https://www.youtube.com/watch?v=rQC3vzXLsRI,https://img.youtube.com/vi/rQC3vzXLsRI/maxresdefault.jpg,베어스티비,2026년 1월 11일,2026년 8월 6일 오후 9:16